2007-03-13,Albert_Einsteir
2007-11-08,Alcoholics_Anonymous
2006-01-20,Anarchism
2005-12-09,Anarchism
2005-09-09,Anarcho-capitalism
2005-08-26,Ark_of_the_Covenant
2005-11-07,Arsenal_F.C.
2005-08-24,Autism
2007-08-31,Batman_(1989_film)
2006-04-05,Bipolar_disorder
2001-12-31,Bipolar_disorder
2004-09-23,Black_hole
2006-10-08,Black_people
2005-08-19,Blaise_Pascal
2005-09-29,Blitzkrieg
2007-04-22,Blue_Angels
2005-05-24,Blue_whale
2006-11-23,Britney_Spears
2006-11-23,Britney_Spears
2006-09-16,Caffeine
2006-06-26,Capitalism
2005-04-06,Capitalism
2005-09-05,Cat
2005-10-27,Chicago_White_Sox
2005-12-25,Christmas
2005-12-23,Christmas
2006-10-09,Christopher_Columbus
2005-11-29,Claudius
2004-12-14,Color_Temperature
2005-11-15,Comet_Shoemaker-Levy_9
2005-11-16,Comet_Shoemaker-Levy_9
2005-12-26,Condom
2005-11-29,Cyberpunk
2001-12-29,Deaths_in_2003
2001-12-30,Deaths_in_2003
2005-05-11,Diamond
2007-02-02,Dianetics
2004-12-16,Doctor_Who
2005-08-12,Drum_and_bass
2002-01-15,Eight_queens_puzzle
2005-01-13,Fermi_paradox
2006-02-03,Freemasonry
2001-12-08,Fundamental_Dimensions
2006-01-13,Game_theory
2003-08-26,Glycerine
2007-03-01,Henry_Ford
2003-05-30,History_of_China
2005-02-15,History_of_Russia
2007-07-21,History_of_russia
2001-12-27,Human
2005-12-21,Intelligent_design
2006-03-01,Jim_Morrison
2003-04-04,Kilogram
2003-02-05,Loch_Ness_Monster
2004-07-27,March_1
2002-04-28,Mathematical_economics
2003-08-08,Nikola_Tesla
2003-08-14,October_2003
2006-04-14,People's_Republic_of_China
2003-04-11,Pit_Bull
2001-11-01,Scriptures
2005-07-21,The_Ashes
2003-01-09,The_Cure
2002-01-08,Wikipedia_bugs
2001-09-11,World_Trade_Center/Plane_crash
2006-12-05,Down_syndrome
2006-11-08,Donald_Rumsfeld
2007-10-18,Barnard's_Star
2007-02-13,DNA
2006-12-11,Augusto_Pinochet
2006-08-15,Cane_Toad
2006-07-05,Astrology
2006-01-01,Dinosaur
2005-06-17,Abortion
2005-06-16,Abortion
