Down_syndrome,2006-12-05T00:08:28Z,Schutz,27196,Rv test ,"0
"
Down_syndrome,2006-12-05T00:10:27Z,ip:154.20.202.218,ip:154.20.202.218,,"0
"
Down_syndrome,2006-12-05T00:11:03Z,ip:71.231.100.14,ip:71.231.100.14,,"0
"
Down_syndrome,2006-12-05T00:12:08Z,Schutz,27196,Revert to revision 92109263 dated 2006-12-05 00:10:27 by 154.20.202.218 using [[:en:Wikipedia:Tools/Navigation_popups|popups]] ,"0
"
Down_syndrome,2006-12-05T00:13:03Z,ip:71.231.100.14,ip:71.231.100.14,,"0
"
Down_syndrome,2006-12-05T00:13:16Z,Schutz,27196,Rv more vandalism ,"0
"
Down_syndrome,2006-12-05T00:13:51Z,Xiner,633563,grammatical and stylistic edits ,"0
"
Down_syndrome,2006-12-05T00:15:19Z,Mpidge,1388546,Removed vandalism ,"0
"
Down_syndrome,2006-12-05T00:16:02Z,ip:67.165.212.214,ip:67.165.212.214,/* Characteristics */ ,"0
"
Down_syndrome,2006-12-05T00:17:54Z,ip:71.145.171.212,ip:71.145.171.212,reverting more vandalism ,"0
"
Down_syndrome,2006-12-05T00:18:00Z,Schutz,27196,rv; correct typo ,"0
"
Down_syndrome,2006-12-05T00:18:34Z,ip:67.165.212.214,ip:67.165.212.214,/* Characteristics */ ,"0
"
Down_syndrome,2006-12-05T00:18:51Z,ip:128.30.100.157,ip:128.30.100.157,,"0
"
Down_syndrome,2006-12-05T00:19:11Z,ip:71.231.100.14,ip:71.231.100.14,,"0
"
Down_syndrome,2006-12-05T00:19:33Z,Delldot,476500,Reverted edits by [[Special:Contributions/71.231.100.14|71.231.100.14]] to last version by 128.30.100.157 ,"0
"
Down_syndrome,2006-12-05T00:21:04Z,Schutz,27196,Rv addition ,"0
"
Down_syndrome,2006-12-05T00:23:27Z,ip:71.231.100.14,ip:71.231.100.14,,"0
"
Down_syndrome,2006-12-05T00:24:20Z,SandyGeorgia,878749,rv vandalism ,"0
"
Down_syndrome,2006-12-05T00:25:23Z,ip:206.45.182.128,ip:206.45.182.128,,"0
"
Down_syndrome,2006-12-05T00:26:13Z,ip:76.169.209.163,ip:76.169.209.163,,"0
"
Down_syndrome,2006-12-05T00:26:40Z,RyanGerbil10,152892,Reverted edits by [[Special:Contributions/76.169.209.163|76.169.209.163]] ([[User talk:76.169.209.163|talk]]) to last version by 206.45.182.128 ,"0
"
Down_syndrome,2006-12-05T00:27:00Z,Wafulz,1091232,Revert to revision 92112013 dated 2006-12-05 00:24:20 by SandyGeorgia using [[:en:Wikipedia:Tools/Navigation_popups|popups]] ,"0
"
Down_syndrome,2006-12-05T00:27:31Z,ip:71.231.100.14,ip:71.231.100.14,,"0
"
Down_syndrome,2006-12-05T00:27:44Z,RyanGerbil10,152892,Reverted edits by [[Special:Contributions/71.231.100.14|71.231.100.14]] ([[User talk:71.231.100.14|talk]]) to last version by Wafulz ,"0
"
Down_syndrome,2006-12-05T00:30:44Z,Wafulz,1091232,Rv to last legit edit ,"0
"
Down_syndrome,2006-12-05T00:33:31Z,ip:72.74.31.35,ip:72.74.31.35,,"0
"
Down_syndrome,2006-12-05T00:33:54Z,Wafulz,1091232,Revert to revision 92113339 dated 2006-12-05 00:30:44 by Wafulz using [[:en:Wikipedia:Tools/Navigation_popups|popups]] ,"0
"
Down_syndrome,2006-12-05T00:35:25Z,ip:66.91.138.2,ip:66.91.138.2,,"0
"
Down_syndrome,2006-12-05T00:35:47Z,ip:72.74.31.35,ip:72.74.31.35,,"0
"
Down_syndrome,2006-12-05T00:36:00Z,Wafulz,1091232,Revert to revision 92114012 dated 2006-12-05 00:33:54 by Wafulz using [[:en:Wikipedia:Tools/Navigation_popups|popups]] ,"0
"
Down_syndrome,2006-12-05T00:38:51Z,ip:70.44.37.44,ip:70.44.37.44,,"0
"
Down_syndrome,2006-12-05T00:39:21Z,Wafulz,1091232,Revert to revision 92114453 dated 2006-12-05 00:36:00 by Wafulz using [[:en:Wikipedia:Tools/Navigation_popups|popups]] ,"0
"
Down_syndrome,2006-12-05T00:39:53Z,ip:80.227.0.156,ip:80.227.0.156,,"0
"
Down_syndrome,2006-12-05T00:40:44Z,Wafulz,1091232,Revert to revision 92115153 dated 2006-12-05 00:39:21 by Wafulz using [[:en:Wikipedia:Tools/Navigation_popups|popups]] ,"0
"
Down_syndrome,2006-12-05T00:40:54Z,Plynn9,1842863,,"0
"
Down_syndrome,2006-12-05T00:41:52Z,ip:75.6.145.104,ip:75.6.145.104,[[WP:AES|?]]Replaced page with ''''<sup>RAMONE!!!!!! SOMEONE GET THESE DNA DIASTERS SOME KINIVES TO FALL ON</sup>'''' ,"0
"
Down_syndrome,2006-12-05T00:42:19Z,Dar-Ape,221966,revert blanking ,"0
"
Down_syndrome,2006-12-05T00:43:04Z,AySz88,222815,/* Notable individuals */ rm subtle vandalism ,"0
"
Down_syndrome,2006-12-05T00:44:03Z,ip:75.6.145.104,ip:75.6.145.104,[[WP:AES|?]]Replaced page with 'WHAT HORRIBLE FACES THESE DIASTERS HAVE' ,"0
"
Down_syndrome,2006-12-05T00:44:29Z,Wafulz,1091232,Revert to revision 92115741 dated 2006-12-05 00:42:19 by Dar-Ape using [[:en:Wikipedia:Tools/Navigation_popups|popups]] ,"0
"
Down_syndrome,2006-12-05T00:44:57Z,Plynn9,1842863,/* Characteristics */ ,"0
"
Down_syndrome,2006-12-05T00:45:06Z,Yossarian,65633,rv vandal ,"0
"
Down_syndrome,2006-12-05T00:45:30Z,ip:24.153.160.242,ip:24.153.160.242,/* History */ ,"0
"
Down_syndrome,2006-12-05T00:45:32Z,AySz88,222815,"self rv, other article didn't make it clear that he wasn't a player ","0
"
Down_syndrome,2006-12-05T00:45:48Z,ip:75.6.145.104,ip:75.6.145.104,[[WP:AES|?]]Replaced page with 'HAHAHAHAHA' ,"0
"
Down_syndrome,2006-12-05T00:46:00Z,Antandrus,57658,Reverted edits by [[Special:Contributions/75.6.145.104|75.6.145.104]] ([[User talk:75.6.145.104|talk]]) to last version by AySz88 ,"0
"
Down_syndrome,2006-12-05T00:46:16Z,Wafulz,1091232,Joey Moss is not a hockey player ,"0
"
Down_syndrome,2006-12-05T00:49:10Z,AySz88,222815,clarify palmar crease ,"0
"
Down_syndrome,2006-12-05T00:52:01Z,Brian0918,90640,Protected Down syndrome: pre-emptive move protection [move=sysop] ,"0
"
Down_syndrome,2006-12-05T00:52:55Z,BiT,488890,,"0
"
Down_syndrome,2006-12-05T00:52:59Z,ip:80.227.0.156,ip:80.227.0.156,,"0
"
Down_syndrome,2006-12-05T00:53:30Z,Dar-Ape,221966,revert vandalism ,"0
"
Down_syndrome,2006-12-05T01:00:28Z,ip:213.42.21.78,ip:213.42.21.78,,"0
"
Down_syndrome,2006-12-05T01:00:52Z,ip:67.72.98.93,ip:67.72.98.93,/* History */ ,"0
"
Down_syndrome,2006-12-05T01:01:56Z,ip:66.183.131.46,ip:66.183.131.46,,"0
"
Down_syndrome,2006-12-05T01:03:02Z,Kungfuadam,404042,Revert to revision 92119231 dated 2006-12-05 01:00:28 by 213.42.21.78 using [[:en:Wikipedia:Tools/Navigation_popups|popups]] ,"0
"
Down_syndrome,2006-12-05T01:03:15Z,Dina,35947,rvv ,"0
"
Down_syndrome,2006-12-05T01:03:31Z,Ldrhcp,16859,revert vandalism ,"0
"
Down_syndrome,2006-12-05T01:03:38Z,ip:24.3.49.103,ip:24.3.49.103,,"0
"
Down_syndrome,2006-12-05T01:04:11Z,ip:66.183.131.46,ip:66.183.131.46,rm vandalism ,"0
"
Down_syndrome,2006-12-05T01:04:22Z,ip:165.21.155.8,ip:165.21.155.8,rvv ,"0
"
Down_syndrome,2006-12-05T01:04:45Z,Scoutersig,391496,rvv ,"0
"
Down_syndrome,2006-12-05T01:05:18Z,ip:165.21.155.16,ip:165.21.155.16,/* History */ ,"0
"
Down_syndrome,2006-12-05T01:05:30Z,Antandrus,57658,Reverted edits by [[Special:Contributions/165.21.155.16|165.21.155.16]] ([[User talk:165.21.155.16|talk]]) to last version by Scoutersig ,"0
"
Down_syndrome,2006-12-05T01:05:49Z,ip:165.21.155.13,ip:165.21.155.13,/* History */ ,"0
"
Down_syndrome,2006-12-05T01:06:06Z,Antandrus,57658,Reverted edits by [[Special:Contributions/165.21.155.13|165.21.155.13]] ([[User talk:165.21.155.13|talk]]) to last version by Antandrus ,"0
"
Down_syndrome,2006-12-05T01:06:45Z,ip:128.36.62.34,ip:128.36.62.34,/* History */ ,"0
"
Down_syndrome,2006-12-05T01:06:45Z,ip:64.231.79.76,ip:64.231.79.76,/* Characteristics */ ,"0
"
Down_syndrome,2006-12-05T01:06:53Z,ip:68.23.167.128,ip:68.23.167.128,,"0
"
Down_syndrome,2006-12-05T01:07:06Z,ip:128.36.62.34,ip:128.36.62.34,/* History */ ,"0
"
Down_syndrome,2006-12-05T01:07:20Z,Dina,35947,rv ,"0
"
Down_syndrome,2006-12-05T01:07:31Z,ip:165.21.155.10,ip:165.21.155.10,,"0
"
Down_syndrome,2006-12-05T01:07:33Z,SandyGeorgia,878749,rv vandalism ,"0
"
Down_syndrome,2006-12-05T01:07:49Z,Biruitorul,1399437,,"0
"
Down_syndrome,2006-12-05T01:08:04Z,ip:64.231.79.76,ip:64.231.79.76,/* Health */ ,"0
"
Down_syndrome,2006-12-05T01:08:06Z,ip:165.21.155.8,ip:165.21.155.8,revert ,"0
"
Down_syndrome,2006-12-05T01:08:11Z,ip:68.202.57.117,ip:68.202.57.117,,"0
"
Down_syndrome,2006-12-05T01:08:29Z,Tombadevil,751201,/* History */ ,"0
"
Down_syndrome,2006-12-05T01:08:57Z,ip:213.42.21.78,ip:213.42.21.78,,"0
"
Down_syndrome,2006-12-05T01:09:01Z,ip:165.21.155.12,ip:165.21.155.12,revert to last version by ddu ,"0
"
Down_syndrome,2006-12-05T01:09:17Z,ip:192.104.181.229,ip:192.104.181.229,,"0
"
Down_syndrome,2006-12-05T01:09:27Z,Scottscott123scott,2909125,,"0
"
Down_syndrome,2006-12-05T01:09:42Z,ip:165.21.155.15,ip:165.21.155.15,/* Health */ ,"0
"
Down_syndrome,2006-12-05T01:09:47Z,Tombadevil,751201,/* STUPID OF WIKIPEDIA LIKE BLOCK ME */ ,"0
"
Down_syndrome,2006-12-05T01:10:07Z,Brian0918,90640,rvv ,"0
"
Down_syndrome,2006-12-05T01:11:52Z,ip:213.42.21.78,ip:213.42.21.78,,"0
"
Down_syndrome,2006-12-05T01:12:18Z,IronGargoyle,820190,Reverted edits by [[Special:Contributions/213.42.21.78|213.42.21.78]] ([[User talk:213.42.21.78|talk]]) to last version by Brian0918 ,"0
"
Down_syndrome,2006-12-05T01:15:23Z,ip:209.11.82.87,ip:209.11.82.87,,"0
"
Down_syndrome,2006-12-05T01:15:33Z,Antandrus,57658,Reverted edits by [[Special:Contributions/209.11.82.87|209.11.82.87]] ([[User talk:209.11.82.87|talk]]) to last version by Irongargoyle ,"0
"
Down_syndrome,2006-12-05T01:17:55Z,ip:172.151.140.66,ip:172.151.140.66,,"0
"
Down_syndrome,2006-12-05T01:18:07Z,Borisblue,123137,Reverted edits by [[Special:Contributions/172.151.140.66|172.151.140.66]] ([[User talk:172.151.140.66|talk]]) to last version by Antandrus ,"0
"
Down_syndrome,2006-12-05T01:18:27Z,ip:172.151.140.66,ip:172.151.140.66,OMG ,"0
"
Down_syndrome,2006-12-05T01:18:35Z,Antandrus,57658,Reverted edits by [[Special:Contributions/172.151.140.66|172.151.140.66]] ([[User talk:172.151.140.66|talk]]) to last version by Borisblue ,"0
"
Down_syndrome,2006-12-05T01:19:50Z,ip:172.131.26.213,ip:172.131.26.213,OMG ,"0
"
Down_syndrome,2006-12-05T01:19:59Z,Brian0918,90640,Reverted edits by [[Special:Contributions/172.131.26.213|172.131.26.213]] ([[User talk:172.131.26.213|talk]]) to last version by Antandrus ,"0
"
Down_syndrome,2006-12-05T01:20:30Z,W.marsh,319357,Protected Down syndrome: heavy vandalism [edit=autoconfirmed:move=sysop] ,"0
"
Down_syndrome,2006-12-05T01:23:24Z,Khoikhoi,657950,{{sprotected}} ,"0
"
Down_syndrome,2006-12-05T01:27:50Z,Melchoir,454640,"emergency rv to 00:49, 5 December 2006 AySz88 ","0
"
Down_syndrome,2006-12-05T01:28:34Z,Melchoir,454640,Reverted edits by [[Special:Contributions/Melchoir|Melchoir]] ([[User talk:Melchoir|talk]]) to last version by Khoikhoi ,"0
"
Down_syndrome,2006-12-05T01:32:20Z,CrnaGora,632990,rv ,"0
"
Down_syndrome,2006-12-05T01:34:46Z,Borisblue,123137,Unprotected Down syndrome: it's been sprotected long enough... test the waters now ,"0
"
Down_syndrome,2006-12-05T01:35:41Z,W.marsh,319357,Protected Down syndrome: move protection... also I said I was going to unprotect it soon [move=sysop] ,"0
"
Down_syndrome,2006-12-05T01:36:07Z,ip:85.25.139.149,ip:85.25.139.149,,"0
"
Down_syndrome,2006-12-05T01:36:14Z,Brian0918,90640,Reverted edits by [[Special:Contributions/85.25.139.149|85.25.139.149]] ([[User talk:85.25.139.149|talk]]) to last version by W.marsh ,"0
"
Down_syndrome,2006-12-05T01:39:40Z,ip:71.33.122.96,ip:71.33.122.96,,"0
"
Down_syndrome,2006-12-05T01:39:54Z,Brian0918,90640,Reverted edits by [[Special:Contributions/71.33.122.96|71.33.122.96]] ([[User talk:71.33.122.96|talk]]) to last version by Brian0918 ,"0
"
Down_syndrome,2006-12-05T01:42:40Z,ip:66.184.56.98,ip:66.184.56.98,,"0
"
Down_syndrome,2006-12-05T01:42:53Z,Borisblue,123137,Reverted edits by [[Special:Contributions/66.184.56.98|66.184.56.98]] ([[User talk:66.184.56.98|talk]]) to last version by Brian0918 ,"0
"
Down_syndrome,2006-12-05T01:43:12Z,Tariqabjotu,153365,"Protected Down syndrome: no, protecting this; this is just not working [edit=autoconfirmed:move=sysop] ","0
"
Down_syndrome,2006-12-05T01:44:06Z,Tariqabjotu,153365,+ {{sprotected}} ,"0
"
Down_syndrome,2006-12-05T01:48:52Z,Borisblue,123137,"Protected Down syndrome: disagree- 1 vandalism per 3 or 4 mins after the last protection- definitely not far above conventional FAs, and managable by patrollers [move=sysop] ","0
"
Down_syndrome,2006-12-05T01:49:19Z,Borisblue,123137,it wasn't that bad after the last protection was lifted ,"0
"
Down_syndrome,2006-12-05T01:49:52Z,ip:24.60.41.165,ip:24.60.41.165,/* History */ ,"0
"
Down_syndrome,2006-12-05T01:49:58Z,Borisblue,123137,Reverted edits by [[Special:Contributions/24.60.41.165|24.60.41.165]] ([[User talk:24.60.41.165|talk]]) to last version by Borisblue ,"0
"
Down_syndrome,2006-12-05T01:54:34Z,ip:66.210.33.141,ip:66.210.33.141,,"0
"
Down_syndrome,2006-12-05T01:54:39Z,Brian0918,90640,Reverted edits by [[Special:Contributions/66.210.33.141|66.210.33.141]] ([[User talk:66.210.33.141|talk]]) to last version by Borisblue ,"0
"
Down_syndrome,2006-12-05T01:56:28Z,ip:65.93.25.187,ip:65.93.25.187,,"0
"
Down_syndrome,2006-12-05T01:56:32Z,Brian0918,90640,Reverted edits by [[Special:Contributions/65.93.25.187|65.93.25.187]] ([[User talk:65.93.25.187|talk]]) to last version by Brian0918 ,"0
"
Down_syndrome,2006-12-05T01:57:46Z,Brian0918,90640,Reverted edits by [[Special:Contributions/Brian0918|Brian0918]] ([[User talk:Brian0918|talk]]) to last version by 65.93.25.187 ,"0
"
Down_syndrome,2006-12-05T01:58:36Z,ip:68.35.4.78,ip:68.35.4.78,,"0
"
Down_syndrome,2006-12-05T01:58:41Z,Brian0918,90640,Reverted edits by [[Special:Contributions/68.35.4.78|68.35.4.78]] ([[User talk:68.35.4.78|talk]]) to last version by Brian0918 ,"0
"
Down_syndrome,2006-12-05T01:58:49Z,ip:80.58.205.44,ip:80.58.205.44,,"0
"
Down_syndrome,2006-12-05T01:59:11Z,Clackmannanshireman,2626908,reverted vandalism ,"0
"
Down_syndrome,2006-12-05T02:01:28Z,ip:75.128.244.132,ip:75.128.244.132,,"0
"
Down_syndrome,2006-12-05T02:01:31Z,Brian0918,90640,Reverted edits by [[Special:Contributions/75.128.244.132|75.128.244.132]] ([[User talk:75.128.244.132|talk]]) to last version by Clackmannanshireman ,"0
"
Down_syndrome,2006-12-05T02:09:38Z,Mbrutus,1473107,/* Prenatal screening */ ,"0
"
Down_syndrome,2006-12-05T02:10:37Z,Deckiller,335672,"copyedit lead; ""at any time"" seems ungainly here ","0
"
Down_syndrome,2006-12-05T02:11:44Z,Wafulz,1091232,/* Prenatal screening */ reinserting image ,"0
"
Down_syndrome,2006-12-05T02:13:08Z,ip:58.168.22.61,ip:58.168.22.61,,"0
"
Down_syndrome,2006-12-05T02:13:13Z,Brian0918,90640,Reverted edits by [[Special:Contributions/58.168.22.61|58.168.22.61]] ([[User talk:58.168.22.61|talk]]) to last version by Wafulz ,"0
"
Down_syndrome,2006-12-05T02:13:36Z,ip:72.200.92.243,ip:72.200.92.243,,"0
"
Down_syndrome,2006-12-05T02:13:41Z,Brian0918,90640,Reverted edits by [[Special:Contributions/72.200.92.243|72.200.92.243]] ([[User talk:72.200.92.243|talk]]) to last version by Brian0918 ,"0
"
Down_syndrome,2006-12-05T02:14:34Z,ip:58.168.22.61,ip:58.168.22.61,,"0
"
Down_syndrome,2006-12-05T02:14:41Z,Brian0918,90640,Reverted edits by [[Special:Contributions/58.168.22.61|58.168.22.61]] ([[User talk:58.168.22.61|talk]]) to last version by Brian0918 ,"0
"
Down_syndrome,2006-12-05T02:20:15Z,Deckiller,335672,"/* History */ light copyedit; I';m confused, is ""caused by"" saying the same thing as ""due to"" here? normenclature is a somewhat rare word ","0
"
Down_syndrome,2006-12-05T02:21:35Z,Deckiller,335672,fix US issue ,"0
"
Down_syndrome,2006-12-05T02:22:30Z,HappyCamper,216295,"/* History */ nomenclature here refers to proper usage, not categorization ","0
"
Down_syndrome,2006-12-05T02:23:38Z,ip:71.242.78.51,ip:71.242.78.51,/* History */ ,"0
"
Down_syndrome,2006-12-05T02:23:42Z,Brian0918,90640,Reverted edits by [[Special:Contributions/71.242.78.51|71.242.78.51]] ([[User talk:71.242.78.51|talk]]) to last version by HappyCamper ,"0
"
Down_syndrome,2006-12-05T02:24:02Z,ip:67.68.63.106,ip:67.68.63.106,/* Prenatal screening */ ,"0
"
Down_syndrome,2006-12-05T02:24:22Z,Brian0918,90640,Reverted edits by [[Special:Contributions/67.68.63.106|67.68.63.106]] ([[User talk:67.68.63.106|talk]]) to last version by Brian0918 ,"0
"
Down_syndrome,2006-12-05T02:24:52Z,Deckiller,335672,/* Genetics */ light fixes ,"0
"
Down_syndrome,2006-12-05T02:25:33Z,Zenohockey,92944,"/* Bibliography */ rm distracting superscript; subst-ed two templates to fix weird ""editors"" punct.; I think most ppl can figure out that Baltimore and Bethesda, MD, are in the US ","0
"
Down_syndrome,2006-12-05T02:27:50Z,Zenohockey,92944,/* Bibliography */ Fixed two entries ,"0
"
Down_syndrome,2006-12-05T02:31:54Z,Zenohockey,92944,/* Bibliography */ Fixed inconsistent punct ,"0
"
Down_syndrome,2006-12-05T02:33:38Z,ip:64.81.112.104,ip:64.81.112.104,/* Characteristics */ ,"0
"
Down_syndrome,2006-12-05T02:33:44Z,Deckiller,335672,few more fixes to reduce very minor peacock terms and all. amazing article. ,"0
"
Down_syndrome,2006-12-05T02:35:33Z,ip:24.171.81.54,ip:24.171.81.54,/* Genetic research */ ,"0
"
Down_syndrome,2006-12-05T02:36:55Z,ip:72.22.8.39,ip:72.22.8.39,,"0
"
Down_syndrome,2006-12-05T02:37:03Z,Brian0918,90640,Reverted edits by [[Special:Contributions/72.22.8.39|72.22.8.39]] ([[User talk:72.22.8.39|talk]]) to last version by 24.171.81.54 ,"0
"
Down_syndrome,2006-12-05T02:37:55Z,ip:209.195.164.70,ip:209.195.164.70,,"0
"
Down_syndrome,2006-12-05T02:38:04Z,Brian0918,90640,Reverted edits by [[Special:Contributions/209.195.164.70|209.195.164.70]] ([[User talk:209.195.164.70|talk]]) to last version by Brian0918 ,"0
"
Down_syndrome,2006-12-05T02:42:52Z,ip:70.119.136.81,ip:70.119.136.81,/* History */ ,"0
"
Down_syndrome,2006-12-05T02:43:00Z,Brian0918,90640,Reverted edits by [[Special:Contributions/70.119.136.81|70.119.136.81]] ([[User talk:70.119.136.81|talk]]) to last version by Brian0918 ,"0
"
Down_syndrome,2006-12-05T02:46:01Z,ip:72.75.8.180,ip:72.75.8.180,/* Prenatal screening */ ,"0
"
Down_syndrome,2006-12-05T02:46:12Z,Brian0918,90640,Reverted edits by [[Special:Contributions/72.75.8.180|72.75.8.180]] ([[User talk:72.75.8.180|talk]]) to last version by Brian0918 ,"0
"
Down_syndrome,2006-12-05T02:48:51Z,ip:68.214.1.30,ip:68.214.1.30,,"0
"
Down_syndrome,2006-12-05T02:48:57Z,Brian0918,90640,Reverted edits by [[Special:Contributions/68.214.1.30|68.214.1.30]] ([[User talk:68.214.1.30|talk]]) to last version by Brian0918 ,"0
"
Down_syndrome,2006-12-05T02:51:39Z,ip:70.178.110.204,ip:70.178.110.204,,"0
"
Down_syndrome,2006-12-05T02:51:45Z,Brian0918,90640,Reverted edits by [[Special:Contributions/70.178.110.204|70.178.110.204]] ([[User talk:70.178.110.204|talk]]) to last version by Brian0918 ,"0
"
Down_syndrome,2006-12-05T02:56:43Z,ip:68.68.222.28,ip:68.68.222.28,/* History */ ,"0
"
Down_syndrome,2006-12-05T02:56:48Z,Brian0918,90640,Reverted edits by [[Special:Contributions/68.68.222.28|68.68.222.28]] ([[User talk:68.68.222.28|talk]]) to last version by Brian0918 ,"0
"
Down_syndrome,2006-12-05T02:57:40Z,ip:141.209.34.235,ip:141.209.34.235,,"0
"
Down_syndrome,2006-12-05T02:57:58Z,Brian0918,90640,Reverted edits by [[Special:Contributions/141.209.34.235|141.209.34.235]] ([[User talk:141.209.34.235|talk]]) to last version by Brian0918 ,"0
"
Down_syndrome,2006-12-05T03:06:53Z,ip:207.68.241.237,ip:207.68.241.237,/* History */ ,"0
"
Down_syndrome,2006-12-05T03:06:58Z,Brian0918,90640,Reverted edits by [[Special:Contributions/207.68.241.237|207.68.241.237]] ([[User talk:207.68.241.237|talk]]) to last version by Brian0918 ,"0
"
Down_syndrome,2006-12-05T03:10:13Z,ip:212.138.64.176,ip:212.138.64.176,,"0
"
Down_syndrome,2006-12-05T03:10:19Z,Brian0918,90640,Reverted edits by [[Special:Contributions/212.138.64.176|212.138.64.176]] ([[User talk:212.138.64.176|talk]]) to last version by Brian0918 ,"0
"
Down_syndrome,2006-12-05T03:15:00Z,24870b,2936421,,"0
"
Down_syndrome,2006-12-05T03:15:05Z,Brian0918,90640,Reverted edits by [[Special:Contributions/24870b|24870b]] ([[User talk:24870b|talk]]) to last version by Brian0918 ,"0
"
Down_syndrome,2006-12-05T03:17:59Z,ip:70.68.202.82,ip:70.68.202.82,,"0
"
Down_syndrome,2006-12-05T03:18:04Z,Brian0918,90640,Reverted edits by [[Special:Contributions/70.68.202.82|70.68.202.82]] ([[User talk:70.68.202.82|talk]]) to last version by Brian0918 ,"0
"
Down_syndrome,2006-12-05T03:18:22Z,Titoxd,227287,Reverted edits by [[Special:Contributions/Brian0918|Brian0918]] ([[User talk:Brian0918|talk]]) to last version by 70.68.202.82 ,"0
"
Down_syndrome,2006-12-05T03:19:51Z,ip:72.130.141.83,ip:72.130.141.83,/* Characteristics */ I fixed the link to iris (anatomy) ,"0
"
Down_syndrome,2006-12-05T03:20:20Z,Brian0918,90640,/* Characteristics */ ,"0
"
Down_syndrome,2006-12-05T03:20:50Z,Brian0918,90640,/* Characteristics */ ,"0
"
Down_syndrome,2006-12-05T03:33:16Z,ip:71.192.61.93,ip:71.192.61.93,,"0
"
Down_syndrome,2006-12-05T03:33:26Z,Brian0918,90640,Reverted edits by [[Special:Contributions/71.192.61.93|71.192.61.93]] ([[User talk:71.192.61.93|talk]]) to last version by Brian0918 ,"0
"
Down_syndrome,2006-12-05T03:34:35Z,Jihadjihadjihad,2936293,,"0
"
Down_syndrome,2006-12-05T03:34:43Z,Brian0918,90640,Reverted edits by [[Special:Contributions/Jihadjihadjihad|Jihadjihadjihad]] ([[User talk:Jihadjihadjihad|talk]]) to last version by Brian0918 ,"0
"
Down_syndrome,2006-12-05T03:41:27Z,A_bit_iffy,431183,/* Notable individuals */ minor fixes ,"0
"
Down_syndrome,2006-12-05T03:52:50Z,ip:75.81.51.187,ip:75.81.51.187,/* History */ ,"0
"
Down_syndrome,2006-12-05T03:52:57Z,Brian0918,90640,Reverted edits by [[Special:Contributions/75.81.51.187|75.81.51.187]] ([[User talk:75.81.51.187|talk]]) to last version by A bit iffy ,"0
"
Down_syndrome,2006-12-05T03:56:19Z,1234die,2936725,the biigist case of down wachamacallit ,"0
"
Down_syndrome,2006-12-05T03:56:24Z,Brian0918,90640,Reverted edits by [[Special:Contributions/1234die|1234die]] ([[User talk:1234die|talk]]) to last version by Brian0918 ,"0
"
Down_syndrome,2006-12-05T04:00:44Z,ip:68.110.134.12,ip:68.110.134.12,/* Sociological and cultural aspects */ ,"0
"
Down_syndrome,2006-12-05T04:00:51Z,Brian0918,90640,Reverted edits by [[Special:Contributions/68.110.134.12|68.110.134.12]] ([[User talk:68.110.134.12|talk]]) to last version by Brian0918 ,"0
"
Down_syndrome,2006-12-05T04:01:47Z,Brian0918,90640,rv self ,"0
"
Down_syndrome,2006-12-05T04:24:07Z,ip:67.71.11.54,ip:67.71.11.54,,"0
"
Down_syndrome,2006-12-05T04:26:33Z,ip:24.34.186.254,ip:24.34.186.254,/* History */ ,"0
"
Down_syndrome,2006-12-05T04:26:49Z,Titoxd,227287,Reverted edits by [[Special:Contributions/24.34.186.254|24.34.186.254]] ([[User talk:24.34.186.254|talk]]) to last version by 67.71.11.54 ,"0
"
Down_syndrome,2006-12-05T04:27:00Z,Brian0918,90640,rvv ,"0
"
Down_syndrome,2006-12-05T04:27:27Z,Brian0918,90640,rv self ,"0
"
Down_syndrome,2006-12-05T04:28:12Z,ip:68.231.66.203,ip:68.231.66.203,,"0
"
Down_syndrome,2006-12-05T04:28:58Z,BrokenSegue,101451,Reverted edits by [[Special:Contributions/68.231.66.203|68.231.66.203]] ([[User talk:68.231.66.203|talk]]) to last version by Brian0918 ,"0
"
Down_syndrome,2006-12-05T04:29:39Z,ip:24.34.186.254,ip:24.34.186.254,/* History */ ,"0
"
Down_syndrome,2006-12-05T04:29:52Z,Titoxd,227287,Reverted edits by [[Special:Contributions/24.34.186.254|24.34.186.254]] ([[User talk:24.34.186.254|talk]]) to last version by BrokenSegue ,"0
"
Down_syndrome,2006-12-05T04:32:33Z,AEMoreira042281,897961,/* Incidence */ Part which will need sourcing eliminated ,"0
"
Down_syndrome,2006-12-05T04:33:51Z,ip:12.215.249.118,ip:12.215.249.118,/* Conferences */ ,"0
"
Down_syndrome,2006-12-05T04:34:55Z,Outriggr,1158101,Revert to revision 92156494 dated 2006-12-05 04:32:33 by AEMoreira042281 using [[:en:Wikipedia:Tools/Navigation_popups|popups]] ,"0
"
Down_syndrome,2006-12-05T04:36:45Z,Shawntastic,1487015,Removed unnecessary parenthesis ,"0
"
Down_syndrome,2006-12-05T04:39:53Z,Gargantuan_Cat,2936983,,"0
"
Down_syndrome,2006-12-05T04:40:07Z,Titoxd,227287,Reverted edits by [[Special:Contributions/Gargantuan Cat|Gargantuan Cat]] ([[User talk:Gargantuan Cat|talk]]) to last version by Shawntastic ,"0
"
Down_syndrome,2006-12-05T05:00:27Z,ip:220.238.75.173,ip:220.238.75.173,,"0
"
Down_syndrome,2006-12-05T05:00:41Z,Antandrus,57658,Reverted edits by [[Special:Contributions/220.238.75.173|220.238.75.173]] ([[User talk:220.238.75.173|talk]]) to last version by Titoxd ,"0
"
Down_syndrome,2006-12-05T05:11:46Z,ip:63.227.101.125,ip:63.227.101.125,,"0
"
Down_syndrome,2006-12-05T05:34:51Z,Remember_the_dot,2821524,/* Notable individuals */ ,"0
"
Down_syndrome,2006-12-05T05:40:29Z,Ceoddyn,2919874,fixed spelling errors ,"0
"
Down_syndrome,2006-12-05T05:42:44Z,Chaser,288788,JS: Reverted edits by [[Special:Contributions/Ceoddyn|Ceoddyn]] to last version by Remember the dot ,"0
"
Down_syndrome,2006-12-05T06:00:09Z,Remember_the_dot,2821524,reference cleanup ,"0
"
Down_syndrome,2006-12-05T06:12:54Z,ip:66.255.16.50,ip:66.255.16.50,/* History */ ,"0
"
Down_syndrome,2006-12-05T06:14:39Z,AMac2002,811701,/* History */ ,"0
"
Down_syndrome,2006-12-05T06:15:49Z,Jrockley,475586,rv ,"0
"
Down_syndrome,2006-12-05T06:16:43Z,Mohammed_al-Khawal,1074940,wikilinking and photo caption ,"0
"
Down_syndrome,2006-12-05T06:22:02Z,ip:24.174.168.127,ip:24.174.168.127,,"0
"
Down_syndrome,2006-12-05T06:22:17Z,Viridae,1337698,"remove ""withpout eye protection"" he is using it as a screwdriver - irrelevant anyway ","0
"
Down_syndrome,2006-12-05T06:23:11Z,ip:59.94.72.196,ip:59.94.72.196,,"0
"
Down_syndrome,2006-12-05T06:23:26Z,Gdo01,1667654,Revert to revision 92170288 dated 2006-12-05 06:16:43 by Mohammed al-Khawal using [[:en:Wikipedia:Tools/Navigation_popups|popups]] ,"0
"
Down_syndrome,2006-12-05T06:23:54Z,ip:59.94.72.196,ip:59.94.72.196,,"0
"
Down_syndrome,2006-12-05T06:24:10Z,Gdo01,1667654,rvv ,"0
"
Down_syndrome,2006-12-05T06:28:09Z,ip:24.174.168.127,ip:24.174.168.127,,"0
"
Down_syndrome,2006-12-05T06:29:14Z,DeAceShooter,154394,Reverted vandalism. ,"0
"
Down_syndrome,2006-12-05T06:31:58Z,ip:209.2.49.185,ip:209.2.49.185,+ka ,"0
"
Down_syndrome,2006-12-05T06:35:37Z,ip:66.56.62.121,ip:66.56.62.121,Photo Caption ,"0
"
Down_syndrome,2006-12-05T06:36:42Z,Genetics411,2317680,"/* Portrayal in fiction */ The Sean Penn character is mentally retarded, but does not have Down syndrome. Deleting reference ","0
"
Down_syndrome,2006-12-05T06:36:50Z,Persian_Poet_Gal,538346,rv vandal ,"0
"
Down_syndrome,2006-12-05T06:54:08Z,ip:68.6.193.96,ip:68.6.193.96,,"0
"
Down_syndrome,2006-12-05T06:56:04Z,ip:24.226.30.65,ip:24.226.30.65,,"0
"
Down_syndrome,2006-12-05T06:58:13Z,Melchoir,454640,Reverted edits by [[Special:Contributions/24.226.30.65|24.226.30.65]] ([[User talk:24.226.30.65|talk]]) to last version by 68.6.193.96 ,"0
"
Down_syndrome,2006-12-05T07:45:51Z,ip:82.44.76.22,ip:82.44.76.22,,"0
"
Down_syndrome,2006-12-05T07:58:49Z,ip:212.174.236.2,ip:212.174.236.2,,"0
"
Down_syndrome,2006-12-05T07:59:49Z,Agne27,1279957,rvv ,"0
"
Down_syndrome,2006-12-05T08:02:54Z,ip:212.174.236.2,ip:212.174.236.2,,"0
"
Down_syndrome,2006-12-05T08:03:15Z,Lucasbfr,422965,Reverted edits by [[Special:Contributions/212.174.236.2|212.174.236.2]] to last version by Agne27 ,"0
"
Down_syndrome,2006-12-05T08:11:13Z,Zaidjirani,2935330,,"0
"
Down_syndrome,2006-12-05T08:12:14Z,Melchoir,454640,rv attack ,"0
"
Down_syndrome,2006-12-05T08:17:12Z,Metamagician3000,717672,ital. ,"0
"
Down_syndrome,2006-12-05T08:24:11Z,ip:132.170.43.167,ip:132.170.43.167,/* Characteristics */ grammar ,"0
"
Down_syndrome,2006-12-05T08:45:15Z,ip:194.32.215.11,ip:194.32.215.11,,"0
"
Down_syndrome,2006-12-05T08:51:23Z,ip:66.32.45.88,ip:66.32.45.88,,"0
"
Down_syndrome,2006-12-05T08:53:50Z,Schutz,27196,Revert to revision 92186436 dated 2006-12-05 08:45:15 by 194.32.215.11 using [[:en:Wikipedia:Tools/Navigation_popups|popups]] ,"0
"
Down_syndrome,2006-12-05T09:33:48Z,Teeej78,2658562,,"0
"
Down_syndrome,2006-12-05T09:34:21Z,Raven4x4x,327150,Reverted edits by [[Special:Contributions/Teeej78|Teeej78]] ([[User talk:Teeej78|talk]]) to last version by Schutz ,"0
"
Down_syndrome,2006-12-05T09:34:31Z,Teeej78,2658562,,"0
"
Down_syndrome,2006-12-05T09:34:47Z,Raven4x4x,327150,Reverted edits by [[Special:Contributions/Teeej78|Teeej78]] ([[User talk:Teeej78|talk]]) to last version by Raven4x4x ,"0
"
Down_syndrome,2006-12-05T09:49:10Z,ip:68.149.31.252,ip:68.149.31.252,,"0
"
Down_syndrome,2006-12-05T09:50:36Z,ip:212.219.92.232,ip:212.219.92.232,/* Characteristics */ ,"0
"
Down_syndrome,2006-12-05T09:53:42Z,ip:68.149.31.252,ip:68.149.31.252,,"0
"
Down_syndrome,2006-12-05T09:54:07Z,BigHaz,48553,rv two vandals ,"0
"
Down_syndrome,2006-12-05T10:16:47Z,Farmerboy7311,1924407,/* Prenatal screening */ ,"0
"
Down_syndrome,2006-12-05T10:34:29Z,ip:194.74.238.60,ip:194.74.238.60,,"0
"
Down_syndrome,2006-12-05T10:34:42Z,VoABot_II,1879647,"BOT - Reverted edits by [[Special:contributions/194.74.238.60|194.74.238.60]] {[[User:VoABot_II/Help#Revert_reasons|vandalism]]} to revision #92196205 by ""Farmerboy7311"". ","0
"
Down_syndrome,2006-12-05T10:38:10Z,ip:195.194.75.98,ip:195.194.75.98,,"0
"
Down_syndrome,2006-12-05T10:38:38Z,SandyGeorgia,878749,rvv ,"0
"
Down_syndrome,2006-12-05T10:39:31Z,SandyGeorgia,878749,Restore section order per [[WP:MEDMOS]] as passed FA and Wikiproject ,"0
"
Down_syndrome,2006-12-05T10:58:01Z,ip:84.199.22.106,ip:84.199.22.106,British english will take precedent over american english ,"0
"
Down_syndrome,2006-12-05T11:00:24Z,BigHaz,48553,"it might do, but we can at least punctuate and spell correctly ","0
"
Down_syndrome,2006-12-05T11:04:00Z,ip:204.218.240.80,ip:204.218.240.80,/* Notable individuals */ ,"0
"
Down_syndrome,2006-12-05T11:04:12Z,MartinBot,2198658,BOT - rv [[Special:Contributions/204.218.240.80|204.218.240.80]] ([[User talk:204.218.240.80|talk]]) to last version by BigHaz ,"0
"
Down_syndrome,2006-12-05T11:04:31Z,SandyGeorgia,878749,"it's not British or English, it's medical convention about eponymous diseases, and per [[WP:MEDMOS]], and article title per MEDMOS ","0
"
Down_syndrome,2006-12-05T11:10:57Z,Ed_g2s,19009,/* Notable individuals */ not fair use ,"0
"
Down_syndrome,2006-12-05T11:41:13Z,ip:144.134.159.71,ip:144.134.159.71,,"0
"
Down_syndrome,2006-12-05T11:42:14Z,SkierRMH,2618808,Reverted 1 edit by [[Special:Contributions/144.134.159.71|144.134.159.71]] ([[User talk:144.134.159.71|talk]]) to last revision (92201770) by Ed g2s using [[WP:VPRF|VP]] ,"0
"
Down_syndrome,2006-12-05T12:06:14Z,ip:165.21.155.10,ip:165.21.155.10,fix load problem ,"0
"
Down_syndrome,2006-12-05T12:07:06Z,VKemyss,1431652,Revert to revision 92204977 dated 2006-12-05 11:42:14 by SkierRMH using [[:en:Wikipedia:Tools/Navigation_popups|popups]] ,"0
"
Down_syndrome,2006-12-05T12:08:35Z,ip:165.21.155.12,ip:165.21.155.12,stop vandalising the page or i will report u ,"0
"
Down_syndrome,2006-12-05T12:10:05Z,PiffPuffPickle,268325,,"0
"
Down_syndrome,2006-12-05T12:14:26Z,HenryLi,149793,+zh-yue interwiki link ,"0
"
Down_syndrome,2006-12-05T12:31:58Z,RedMC,2078797,/* Notable individuals */ ,"0
"
Down_syndrome,2006-12-05T12:47:20Z,Eucalyptus_grandis,2889759,/* Cognitive development */ grammar corrected ,"0
"
Down_syndrome,2006-12-05T12:52:52Z,Jdavies555,2294799,/* History */ ,"0
"
Down_syndrome,2006-12-05T12:53:16Z,ip:165.21.155.10,ip:165.21.155.10,fix image ,"0
"
Down_syndrome,2006-12-05T12:53:46Z,J_Di,973203,Reverted edits by [[Special:Contributions/165.21.155.10|165.21.155.10]] ([[User talk:165.21.155.10|talk]]) to last version by Jdavies555 ,"0
"
Down_syndrome,2006-12-05T12:57:19Z,ip:165.21.155.16,ip:165.21.155.16,Reverted edits by J Di to last version by Jdavies555 ,"0
"
Down_syndrome,2006-12-05T12:57:48Z,J_Di,973203,Reverted edits by [[Special:Contributions/165.21.155.16|165.21.155.16]] ([[User talk:165.21.155.16|talk]]) to last version by J Di ,"0
"
Down_syndrome,2006-12-05T12:58:09Z,ip:165.21.155.17,ip:165.21.155.17,Reverted edits by J Di to last version by Jdavies555 ,"0
"
Down_syndrome,2006-12-05T12:58:24Z,J_Di,973203,Reverted edits by [[Special:Contributions/165.21.155.17|165.21.155.17]] ([[User talk:165.21.155.17|talk]]) to last version by J Di ,"0
"
Down_syndrome,2006-12-05T12:59:22Z,ip:165.21.155.16,ip:165.21.155.16,fix image not loading problem ,"0
"
Down_syndrome,2006-12-05T12:59:41Z,J_Di,973203,Reverted edits by [[Special:Contributions/165.21.155.16|165.21.155.16]] ([[User talk:165.21.155.16|talk]]) to last version by J Di ,"0
"
Down_syndrome,2006-12-05T13:00:26Z,ip:165.21.155.11,ip:165.21.155.11,fix spelling problem ,"0
"
Down_syndrome,2006-12-05T13:00:50Z,J_Di,973203,Reverted edits by [[Special:Contributions/165.21.155.11|165.21.155.11]] ([[User talk:165.21.155.11|talk]]) to last version by J Di ,"0
"
Down_syndrome,2006-12-05T13:17:06Z,Tostitos,2939548,[[WP:AES|?]]Replaced page with 'pandas like to eat' ,"0
"
Down_syndrome,2006-12-05T13:17:22Z,J_Di,973203,Reverted edits by [[Special:Contributions/Tostitos|Tostitos]] ([[User talk:Tostitos|talk]]) to last version by J Di ,"0
"
Down_syndrome,2006-12-05T13:34:59Z,Laleena,2349027,I added a fact about 47 chromosomes. ,"0
"
Down_syndrome,2006-12-05T13:35:34Z,ip:216.125.41.116,ip:216.125.41.116,/* Characteristics */ ,"0
"
Down_syndrome,2006-12-05T13:37:00Z,ip:216.125.41.116,ip:216.125.41.116,/* Genetics */ ,"0
"
Down_syndrome,2006-12-05T13:37:19Z,AndonicO,1792859,Revert to revision 92217684 dated 2006-12-05 13:34:59 by Laleena using [[:en:Wikipedia:Tools/Navigation_popups|popups]] ,"0
"
Down_syndrome,2006-12-05T13:40:23Z,ip:216.125.41.107,ip:216.125.41.107,/* Characteristics */ nujhbyugybjhgbyuj ,"0
"
Down_syndrome,2006-12-05T13:42:11Z,DeAceShooter,154394,Reverted vandalism. ,"0
"
Down_syndrome,2006-12-05T13:43:25Z,ip:141.154.147.163,ip:141.154.147.163,[[WP:AES|?]]Replaced page with 'WILLY ON WHEELS LIVES!' ,"0
"
Down_syndrome,2006-12-05T13:43:45Z,Urzadek,2697291,Revert to revision 92218623 dated 2006-12-05 13:42:11 by DeAceShooter using [[:en:Wikipedia:Tools/Navigation_popups|popups]] ,"0
"
Down_syndrome,2006-12-05T13:45:16Z,ip:212.219.92.232,ip:212.219.92.232,,"0
"
Down_syndrome,2006-12-05T13:46:33Z,Hannu,245041,,"0
"
Down_syndrome,2006-12-05T13:53:59Z,ip:81.171.224.242,ip:81.171.224.242,,"0
"
Down_syndrome,2006-12-05T13:55:38Z,Taco325i,314250,sp ,"0
"
Down_syndrome,2006-12-05T13:56:02Z,Supremepoop,2939764,,"0
"
Down_syndrome,2006-12-05T13:57:42Z,MichaelMaggs,1535071,Revert to revision 92220606 dated 2006-12-05 13:55:38 by Taco325i using [[:en:Wikipedia:Tools/Navigation_popups|popups]] ,"0
"
Down_syndrome,2006-12-05T13:58:56Z,ip:140.247.125.65,ip:140.247.125.65,Broadening of characteristic associated with Down syndrome. Update of prognosis associated with Down syndrome. ,"0
"
Down_syndrome,2006-12-05T13:59:29Z,ip:87.38.42.34,ip:87.38.42.34,/* Characteristics */ ,"0
"
Down_syndrome,2006-12-05T14:05:18Z,ip:207.164.152.161,ip:207.164.152.161,Removed vandalism ,"0
"
Down_syndrome,2006-12-05T14:05:37Z,MichaelMaggs,1535071,Revert to revision 92221073 dated 2006-12-05 13:58:56 by 140.247.125.65 using [[:en:Wikipedia:Tools/Navigation_popups|popups]] ,"0
"
Down_syndrome,2006-12-05T14:06:15Z,Stevenfruitsmaak,247845,"rmv unsourced, probably error ","0
"
Down_syndrome,2006-12-05T14:06:54Z,DragonflySixtyseven,62058,chimplink ,"0
"
Down_syndrome,2006-12-05T14:09:36Z,ip:212.219.94.65,ip:212.219.94.65,,"0
"
Down_syndrome,2006-12-05T14:10:00Z,AndonicO,1792859,Revert to revision 92222144 dated 2006-12-05 14:06:54 by DragonflySixtyseven using [[:en:Wikipedia:Tools/Navigation_popups|popups]] ,"0
"
Down_syndrome,2006-12-05T14:10:13Z,ip:212.219.94.65,ip:212.219.94.65,,"0
"
Down_syndrome,2006-12-05T14:10:45Z,Stevenfruitsmaak,247845,"/* History */ rmv large block of text added, poorly sourced, moving to talk page ","0
"
Down_syndrome,2006-12-05T14:10:50Z,ip:64.69.108.254,ip:64.69.108.254,/* Characteristics */ ,"0
"
Down_syndrome,2006-12-05T14:11:20Z,ip:64.69.108.254,ip:64.69.108.254,/* Characteristics */ ,"0
"
Down_syndrome,2006-12-05T14:11:27Z,AndonicO,1792859,Revert to revision 92222144 dated 2006-12-05 14:06:54 by DragonflySixtyseven using [[:en:Wikipedia:Tools/Navigation_popups|popups]] ,"0
"
Down_syndrome,2006-12-05T14:13:45Z,ip:69.74.113.34,ip:69.74.113.34,,"0
"
Down_syndrome,2006-12-05T14:15:24Z,Scheea7,2909614,,"0
"
Down_syndrome,2006-12-05T14:16:20Z,Adam_Zivner,2919817,rv ,"0
"
Down_syndrome,2006-12-05T14:16:25Z,AppleJuggler,111767,Reverting LSD-induced edit ,"0
"
Down_syndrome,2006-12-05T14:22:12Z,ip:82.110.220.93,ip:82.110.220.93,,"0
"
Down_syndrome,2006-12-05T14:24:51Z,ip:195.238.72.11,ip:195.238.72.11,removed vandalism ,"0
"
Down_syndrome,2006-12-05T14:25:32Z,ip:24.178.82.50,ip:24.178.82.50,/* Genetics */ ,"0
"
Down_syndrome,2006-12-05T14:25:57Z,ip:24.178.82.50,ip:24.178.82.50,/* Incidence */ ,"0
"
Down_syndrome,2006-12-05T14:29:39Z,Brian0918,90640,rvv ,"0
"
Down_syndrome,2006-12-05T14:31:42Z,ip:208.108.138.161,ip:208.108.138.161,[[WP:AES|?]]Blanked the page ,"0
"
Down_syndrome,2006-12-05T14:32:20Z,ip:208.108.138.161,ip:208.108.138.161,,"0
"
Down_syndrome,2006-12-05T14:35:26Z,ip:209.224.196.250,ip:209.224.196.250,,"0
"
Down_syndrome,2006-12-05T14:35:45Z,AndonicO,1792859,Revert to revision 92225768 dated 2006-12-05 14:32:20 by 208.108.138.161 using [[:en:Wikipedia:Tools/Navigation_popups|popups]] ,"0
"
Down_syndrome,2006-12-05T14:39:28Z,ip:207.232.136.100,ip:207.232.136.100,,"0
"
Down_syndrome,2006-12-05T14:39:48Z,Chrislk02,1313011,JS: Reverted [[Wikipedia:Vandalism|vandalism]] by [[Special:Contributions/207.232.136.100|207.232.136.100]] to last version by AndonicO. ,"0
"
Down_syndrome,2006-12-05T14:57:44Z,ip:155.212.247.186,ip:155.212.247.186,,"0
"
Down_syndrome,2006-12-05T14:59:49Z,ip:64.119.60.98,ip:64.119.60.98,/* Characteristics */ ,"0
"
Down_syndrome,2006-12-05T15:00:26Z,Schneelocke,11169,Reverted edits by [[Special:Contributions/64.119.60.98|64.119.60.98]] ([[User talk:64.119.60.98|talk]]) to last version by 155.212.247.186 ,"0
"
Down_syndrome,2006-12-05T15:01:07Z,Schneelocke,11169,remove prior vandalism as well ,"0
"
Down_syndrome,2006-12-05T15:06:28Z,ip:216.79.193.56,ip:216.79.193.56,/* Characteristics */ ,"0
"
Down_syndrome,2006-12-05T15:07:21Z,ip:216.79.193.56,ip:216.79.193.56,/* Characteristics */ ,"0
"
Down_syndrome,2006-12-05T15:07:53Z,Delldot,476500,Reverted edits by [[Special:Contributions/216.79.193.56|216.79.193.56]] to last version by Schneelocke ,"0
"
Down_syndrome,2006-12-05T15:08:57Z,Markpartridgeiscat,2940447,,"0
"
Down_syndrome,2006-12-05T15:09:41Z,ip:165.2.186.10,ip:165.2.186.10,revert vandalism ,"0
"
Down_syndrome,2006-12-05T15:13:58Z,Jack_Lumber,221051,,"0
"
Down_syndrome,2006-12-05T15:15:00Z,KnightLago,1134822,rv ,"0
"
Down_syndrome,2006-12-05T15:15:42Z,CHMSchool,2940499,[[WP:AES|?]]Replaced page with 'DOWN SYNDROME SUCKS' ,"0
"
Down_syndrome,2006-12-05T15:16:22Z,EronMain,249600,Revert to revision 92232809 dated 2006-12-05 15:15:00 by KnightLago using [[:en:Wikipedia:Tools/Navigation_popups|popups]] ,"0
"
Down_syndrome,2006-12-05T15:17:18Z,ip:69.231.67.122,ip:69.231.67.122,/* Notable individuals */ ,"0
"
Down_syndrome,2006-12-05T15:17:23Z,ip:207.63.212.2,ip:207.63.212.2,/* External links */ ,"0
"
Down_syndrome,2006-12-05T15:18:52Z,ip:69.231.67.122,ip:69.231.67.122,/* Notable individuals */ ,"0
"
Down_syndrome,2006-12-05T15:19:25Z,ip:69.231.67.122,ip:69.231.67.122,/* Notable individuals */ ,"0
"
Down_syndrome,2006-12-05T15:20:18Z,ip:207.63.212.2,ip:207.63.212.2,,"0
"
Down_syndrome,2006-12-05T15:20:52Z,ip:141.213.55.84,ip:141.213.55.84,"/* Characteristics */ removed poor muscle tone, as it is redundant with muscle hypotonia ","0
"
Down_syndrome,2006-12-05T15:21:13Z,AySz88,222815,rvv and no entry on person ,"0
"
Down_syndrome,2006-12-05T15:21:50Z,Stewartcowpants,2940541,,"0
"
Down_syndrome,2006-12-05T15:22:06Z,FreplySpang,198194,Reverted edits by [[Special:Contributions/Stewartcowpants|Stewartcowpants]] ([[User talk:Stewartcowpants|talk]]) to last version by AySz88 ,"0
"
Down_syndrome,2006-12-05T15:23:48Z,AySz88,222815,re-add ok change ,"0
"
Down_syndrome,2006-12-05T15:28:28Z,Machty,531185,/* Characteristics */ removed poor muscle tone redundancy (logged in this time) ,"0
"
Down_syndrome,2006-12-05T15:29:12Z,Sthomson06,1329759,/* Cognitive development */ removed extraneous 'without' ,"0
"
Down_syndrome,2006-12-05T15:30:08Z,ip:163.153.224.178,ip:163.153.224.178,/* Characteristics */ ,"0
"
Down_syndrome,2006-12-05T15:30:42Z,FreplySpang,198194,Reverted edits by [[Special:Contributions/163.153.224.178|163.153.224.178]] ([[User talk:163.153.224.178|talk]]) to last version by Sthomson06 ,"0
"
Down_syndrome,2006-12-05T15:31:16Z,ip:163.153.224.178,ip:163.153.224.178,/* Characteristics */ ,"0
"
Down_syndrome,2006-12-05T15:32:09Z,FreplySpang,198194,Reverted edits by [[Special:Contributions/163.153.224.178|163.153.224.178]] ([[User talk:163.153.224.178|talk]]) to last version by FreplySpang ,"0
"
Down_syndrome,2006-12-05T15:34:05Z,ip:194.80.134.151,ip:194.80.134.151,/* Characteristics */ ,"0
"
Down_syndrome,2006-12-05T15:34:25Z,Montrealais,3378,Reverted edits by [[Special:Contributions/194.80.134.151|194.80.134.151]] ([[User talk:194.80.134.151|talk]]) to last version by FreplySpang ,"0
"
Down_syndrome,2006-12-05T15:37:12Z,Ufwuct,1478872,/* Characteristics */ wikilink to hallux ,"0
"
Down_syndrome,2006-12-05T15:41:32Z,ip:147.72.65.130,ip:147.72.65.130,/* Genetics */ ,"0
"
Down_syndrome,2006-12-05T15:42:22Z,Terence,177507,Revert to revision 92236787 dated 2006-12-05 15:37:12 by Ufwuct using [[:en:Wikipedia:Tools/Navigation_popups|popups]] ,"0
"
Down_syndrome,2006-12-05T15:52:40Z,Immachargin,2940777,,"0
"
Down_syndrome,2006-12-05T15:52:56Z,ip:72.10.105.147,ip:72.10.105.147,/* Characteristics */ ,"0
"
Down_syndrome,2006-12-05T15:53:24Z,J_Di,973203,Reverted edits by [[Special:Contributions/72.10.105.147|72.10.105.147]] ([[User talk:72.10.105.147|talk]]) to last version by Immachargin ,"0
"
Down_syndrome,2006-12-05T15:54:48Z,J_Di,973203,Undo revision 92239560 by [[Special:Contributions/Immachargin]] ([[User talk:Immachargin]]) ,"0
"
Down_syndrome,2006-12-05T15:57:14Z,ip:65.93.96.99,ip:65.93.96.99,,"0
"
Down_syndrome,2006-12-05T15:58:14Z,Gwernol,266416,Reverted edits by [[Special:Contributions/65.93.96.99|65.93.96.99]] ([[User talk:65.93.96.99|talk]]) to last version by J Di ,"0
"
Down_syndrome,2006-12-05T16:01:20Z,Johnpseudo,398806,/* Prenatal screening */ added wikilink ,"0
"
Down_syndrome,2006-12-05T16:04:40Z,SandyGeorgia,878749,/* Genetics */ convert external jump to ref ,"0
"
Down_syndrome,2006-12-05T16:05:06Z,SandyGeorgia,878749,/* Genetics */ close ref ,"0
"
Down_syndrome,2006-12-05T16:06:44Z,ip:64.162.42.72,ip:64.162.42.72,/* Characteristics */ ,"0
"
Down_syndrome,2006-12-05T16:08:46Z,Elkman,346341,rvv ,"0
"
Down_syndrome,2006-12-05T16:11:31Z,ip:84.9.71.8,ip:84.9.71.8,,"0
"
Down_syndrome,2006-12-05T16:12:11Z,ip:84.9.71.8,ip:84.9.71.8,/* Incidence */ ,"0
"
Down_syndrome,2006-12-05T16:14:49Z,ip:68.146.16.122,ip:68.146.16.122,,"0
"
Down_syndrome,2006-12-05T16:16:48Z,Gwernol,266416,Reverted edits by [[Special:Contributions/68.146.16.122|68.146.16.122]] ([[User talk:68.146.16.122|talk]]) to last version by 84.9.71.8 ,"0
"
Down_syndrome,2006-12-05T16:18:28Z,Jumpbeer3,2861726,Someone needs to learn how to use those blue links ,"0
"
Down_syndrome,2006-12-05T16:19:09Z,Gwernol,266416,Reverted edits by [[Special:Contributions/Jumpbeer3|Jumpbeer3]] ([[User talk:Jumpbeer3|talk]]) to last version by Gwernol ,"0
"
Down_syndrome,2006-12-05T16:20:06Z,ip:86.135.97.73,ip:86.135.97.73,,"0
"
Down_syndrome,2006-12-05T16:21:13Z,Gwernol,266416,Reverted edits by [[Special:Contributions/86.135.97.73|86.135.97.73]] ([[User talk:86.135.97.73|talk]]) to last version by Gwernol ,"0
"
Down_syndrome,2006-12-05T16:25:20Z,MK8,541247,/* Conferences */ +ar ,"0
"
Down_syndrome,2006-12-05T16:26:24Z,ip:74.136.220.95,ip:74.136.220.95,/* Characteristics */ ,"0
"
Down_syndrome,2006-12-05T16:27:28Z,ip:131.109.28.188,ip:131.109.28.188,,"0
"
Down_syndrome,2006-12-05T16:28:21Z,Gwernol,266416,Reverted edits by [[Special:Contributions/131.109.28.188|131.109.28.188]] ([[User talk:131.109.28.188|talk]]) to last version by 74.136.220.95 ,"0
"
Down_syndrome,2006-12-05T16:29:09Z,ip:86.135.97.73,ip:86.135.97.73,relevant caption ,"0
"
Down_syndrome,2006-12-05T16:29:37Z,ip:131.109.28.249,ip:131.109.28.249,,"0
"
Down_syndrome,2006-12-05T16:30:15Z,ip:131.109.28.188,ip:131.109.28.188,,"0
"
Down_syndrome,2006-12-05T16:30:34Z,ip:206.131.39.68,ip:206.131.39.68,/* Sociological and cultural aspects */ ,"0
"
Down_syndrome,2006-12-05T16:30:58Z,MartinBot,2198658,BOT - rv [[Special:Contributions/131.109.28.188|131.109.28.188]] ([[User talk:131.109.28.188|talk]]) to last version by 131.109.28.249 ,"0
"
Down_syndrome,2006-12-05T16:31:03Z,ip:206.131.39.68,ip:206.131.39.68,/* Robertsonian translocation */ ,"0
"
Down_syndrome,2006-12-05T16:31:09Z,W.marsh,319357,rv several ,"0
"
Down_syndrome,2006-12-05T16:31:12Z,Gwernol,266416,Revert vandalism ,"0
"
Down_syndrome,2006-12-05T16:31:21Z,ip:206.131.39.68,ip:206.131.39.68,/* History */ ,"0
"
Down_syndrome,2006-12-05T16:31:36Z,Gwernol,266416,"Protected Down syndrome: If your not prepared to help with fixing the vandalism, don't unprotect it [edit=autoconfirmed:move=sysop] ","0
"
Down_syndrome,2006-12-05T16:31:41Z,Carcharoth,165613,revert back two versions ,"0
"
Down_syndrome,2006-12-05T16:32:08Z,Gwernol,266416,"Semi-protected, constant stream of offensive vandalism ","0
"
Down_syndrome,2006-12-05T16:36:06Z,Carcharoth,165613,corrected vandalism and unecessary changes still left after recent flurry of edits ,"0
"
Down_syndrome,2006-12-05T16:37:12Z,Carcharoth,165613,typo ,"0
"
Down_syndrome,2006-12-05T17:16:08Z,Samuel_Blanning,414388,switch to less intrusive sprotect termplate ,"0
"
Down_syndrome,2006-12-05T17:16:33Z,Samuel_Blanning,414388,self-rv as corner images overlap ,"0
"
Down_syndrome,2006-12-05T17:41:38Z,Gwernol,266416,Protected Down syndrome: Unprotect [move=sysop] ,"0
"
Down_syndrome,2006-12-05T17:42:43Z,SandyGeorgia,878749,/* Prenatal screening */ add PMID ,"0
"
Down_syndrome,2006-12-05T17:43:35Z,Gwernol,266416,Unprotected again ,"0
"
Down_syndrome,2006-12-05T17:45:06Z,SandyGeorgia,878749,/* Prenatal screening */ add PMID ,"0
"
Down_syndrome,2006-12-05T17:46:53Z,SandyGeorgia,878749,/* Prenatal screening */ add PMID ,"0
"
Down_syndrome,2006-12-05T17:48:56Z,SandyGeorgia,878749,/* Incidence */ add PMID ,"0
"
Down_syndrome,2006-12-05T17:50:05Z,SandyGeorgia,878749,"/* Incidence */ name ref, used twice ","0
"
Down_syndrome,2006-12-05T17:50:51Z,SandyGeorgia,878749,"/* Incidence */ named ref, used twice ","0
"
Down_syndrome,2006-12-05T17:52:03Z,SandyGeorgia,878749,/* Prenatal screening */ add PMID ,"0
"
Down_syndrome,2006-12-05T17:53:28Z,Bullytr,683916,,"0
"
Down_syndrome,2006-12-05T17:55:52Z,ip:86.135.97.73,ip:86.135.97.73,added a link to 'electric drill' ,"0
"
Down_syndrome,2006-12-05T17:55:54Z,SandyGeorgia,878749,"/* Prenatal screening */ fix named ref, used twice ","0
"
Down_syndrome,2006-12-05T17:57:02Z,ip:204.169.50.126,ip:204.169.50.126,[[WP:AES|?]]Replaced page with '[[http://www.myspace.com/f12isyeah]]' ,"0
"
Down_syndrome,2006-12-05T17:57:24Z,Chrislk02,1313011,JS: Reverted [[Wikipedia:Vandalism|vandalism]] by [[Special:Contributions/204.169.50.126|204.169.50.126]] to last version by SandyGeorgia. ,"0
"
Down_syndrome,2006-12-05T17:59:20Z,SandyGeorgia,878749,/* Genetic research */ add PMID ,"0
"
Down_syndrome,2006-12-05T18:01:04Z,SandyGeorgia,878749,/* Genetic research */ add PMID ,"0
"
Down_syndrome,2006-12-05T18:06:21Z,OpenToppedBus,252600,Unlinking [[electric drill]] - not really a relevant link ,"0
"
Down_syndrome,2006-12-05T18:08:29Z,Apeurosucks,2942028,,"0
"
Down_syndrome,2006-12-05T18:10:02Z,ip:206.166.54.246,ip:206.166.54.246,,"0
"
Down_syndrome,2006-12-05T18:11:05Z,SandyGeorgia,878749,rvv twice ,"0
"
Down_syndrome,2006-12-05T18:27:16Z,LCJflwrpwr,2932208,,"0
"
Down_syndrome,2006-12-05T18:27:57Z,Jnestorius,89336,/* Notable individuals */ Pascal Duquenne ,"0
"
Down_syndrome,2006-12-05T18:28:33Z,Fvasconcellos,1051513,Undo revision 92268798 by [[Special:Contributions/LCJflwrpwr|LCJflwrpwr]] ([[User talk:LCJflwrpwr|talk]]) ,"0
"
Down_syndrome,2006-12-05T18:29:03Z,LCJflwrpwr,2932208,,"0
"
Down_syndrome,2006-12-05T18:30:40Z,Brian0918,90640,Reverted edits by [[Special:Contributions/LCJflwrpwr|LCJflwrpwr]] ([[User talk:LCJflwrpwr|talk]]) to last version by Fvasconcellos ,"0
"
Down_syndrome,2006-12-05T18:30:56Z,Historychannel44,2942182,/* Characteristics */ ,"0
"
Down_syndrome,2006-12-05T18:31:29Z,Rapt123,2927119,,"0
"
Down_syndrome,2006-12-05T18:35:02Z,ip:206.191.20.205,ip:206.191.20.205,/* History */ ,"0
"
Down_syndrome,2006-12-05T18:36:54Z,Tommy_Kronkvist,224888,Spelling ,"0
"
Down_syndrome,2006-12-05T18:41:27Z,ip:71.232.203.46,ip:71.232.203.46,[[WP:AES|?]]Blanked the page ,"0
"
Down_syndrome,2006-12-05T18:41:41Z,Antandrus,57658,Reverted edits by [[Special:Contributions/71.232.203.46|71.232.203.46]] ([[User talk:71.232.203.46|talk]]) to last version by Tommy Kronkvist ,"0
"
Down_syndrome,2006-12-05T18:43:02Z,ip:72.10.96.18,ip:72.10.96.18,eh ,"0
"
Down_syndrome,2006-12-05T18:43:49Z,Antandrus,57658,Reverted edits by [[Special:Contributions/72.10.96.18|72.10.96.18]] ([[User talk:72.10.96.18|talk]]) to last version by Antandrus ,"0
"
Down_syndrome,2006-12-05T18:53:42Z,ip:128.174.138.17,ip:128.174.138.17,/* Incidence */ ,"0
"
Down_syndrome,2006-12-05T18:56:43Z,SandyGeorgia,878749,"/* Incidence */ cite it, or remove to talk page ","0
"
Down_syndrome,2006-12-05T19:03:04Z,ip:70.238.109.2,ip:70.238.109.2,,"0
"
Down_syndrome,2006-12-05T19:05:09Z,SandyGeorgia,878749,rvv ,"0
"
Down_syndrome,2006-12-05T19:08:13Z,Variable,155722,"/* Notable individuals */ rm Pascal Duquenne; unsourced, contradicted by article ","0
"
Down_syndrome,2006-12-05T19:17:05Z,ip:63.169.58.254,ip:63.169.58.254,/* Characteristics */ ,"0
"
Down_syndrome,2006-12-05T19:17:28Z,ip:63.169.58.254,ip:63.169.58.254,/* Characteristics */ ,"0
"
Down_syndrome,2006-12-05T19:27:10Z,ip:70.183.128.234,ip:70.183.128.234,/* Characteristics */ ,"0
"
Down_syndrome,2006-12-05T19:28:04Z,ip:70.183.128.234,ip:70.183.128.234,/* Genetics */ ,"0
"
Down_syndrome,2006-12-05T19:28:24Z,MartinBot,2198658,BOT - rv [[Special:Contributions/70.183.128.234|70.183.128.234]] ([[User talk:70.183.128.234|talk]]) to last version by 63.169.58.254 ,"0
"
Down_syndrome,2006-12-05T19:35:18Z,ip:157.246.2.6,ip:157.246.2.6,,"0
"
Down_syndrome,2006-12-05T19:35:56Z,RyanGerbil10,152892,Reverted edits by [[Special:Contributions/157.246.2.6|157.246.2.6]] ([[User talk:157.246.2.6|talk]]) to last version by MartinBot ,"0
"
Down_syndrome,2006-12-05T19:37:14Z,RyanGerbil10,152892,revert vandalisms ,"0
"
Down_syndrome,2006-12-05T19:37:32Z,Fvasconcellos,1051513,/* Genetic research */ converting external jumps to footnotes ,"0
"
Down_syndrome,2006-12-05T19:40:53Z,ip:157.246.2.6,ip:157.246.2.6,,"0
"
Down_syndrome,2006-12-05T19:41:15Z,ManiF,809089,rvv ,"0
"
Down_syndrome,2006-12-05T19:41:38Z,ip:24.57.65.255,ip:24.57.65.255,,"0
"
Down_syndrome,2006-12-05T19:42:10Z,RyanGerbil10,152892,Reverted edits by [[Special:Contributions/24.57.65.255|24.57.65.255]] ([[User talk:24.57.65.255|talk]]) to last version by ManiF ,"0
"
Down_syndrome,2006-12-05T19:44:33Z,ip:24.77.68.230,ip:24.77.68.230,[[WP:AES|?]]Blanked the page ,"0
"
Down_syndrome,2006-12-05T19:44:56Z,Eternal_Elder,2932334,,"0
"
Down_syndrome,2006-12-05T19:45:39Z,Genetics411,2317680,rv vandalism ,"0
"
Down_syndrome,2006-12-05T19:46:57Z,ip:24.77.68.230,ip:24.77.68.230,[[WP:AES|?]]Replaced page with 'haha...GONE!' ,"0
"
Down_syndrome,2006-12-05T19:47:12Z,J_Di,973203,Reverted edits by [[Special:Contributions/24.77.68.230|24.77.68.230]] ([[User talk:24.77.68.230|talk]]) to last version by Genetics411 ,"0
"
Down_syndrome,2006-12-05T19:48:04Z,Chromis,323521,/* Genetics */ ,"0
"
Down_syndrome,2006-12-05T19:49:59Z,Genetics411,2317680,Notation is not just for trisomy. Intro belongs here in the intro. ,"0
"
Down_syndrome,2006-12-05T19:50:18Z,ip:205.221.144.252,ip:205.221.144.252,,"0
"
Down_syndrome,2006-12-05T19:50:58Z,RyanGerbil10,152892,Reverted edits by [[Special:Contributions/205.221.144.252|205.221.144.252]] ([[User talk:205.221.144.252|talk]]) to last version by Genetics411 ,"0
"
Down_syndrome,2006-12-05T19:51:07Z,SandyGeorgia,878749,/* Genetics */ rmv blank space ,"0
"
Down_syndrome,2006-12-05T19:52:27Z,SmartGuy,500839,/* Notable individuals */ - adding Gene Stalling's son ,"0
"
Down_syndrome,2006-12-05T19:53:29Z,SandyGeorgia,878749,"/* Notable individuals */ alphabetical, cite please ","0
"
Down_syndrome,2006-12-05T19:53:40Z,ip:208.53.138.223,ip:208.53.138.223,/* Prenatal screening */ ,"0
"
Down_syndrome,2006-12-05T19:54:12Z,ip:208.53.138.223,ip:208.53.138.223,/* Characteristics */ ,"0
"
Down_syndrome,2006-12-05T19:54:33Z,J_Di,973203,Reverted edits by [[Special:Contributions/208.53.138.223|208.53.138.223]] ([[User talk:208.53.138.223|talk]]) to last version by SandyGeorgia ,"0
"
Down_syndrome,2006-12-05T19:58:47Z,Fvasconcellos,1051513,/* Genetics */ fixing link to NICHD's factsheet ,"0
"
Down_syndrome,2006-12-05T19:59:11Z,ip:167.128.58.185,ip:167.128.58.185,/* Genetics */ ,"0
"
Down_syndrome,2006-12-05T20:00:34Z,Trebor,536347,Revert to revision 92288024 dated 2006-12-05 19:58:47 by Fvasconcellos using [[:en:Wikipedia:Tools/Navigation_popups|popups]] ,"0
"
Down_syndrome,2006-12-05T20:01:33Z,Dolladollabill,2943047,disease name change ,"0
"
Down_syndrome,2006-12-05T20:02:04Z,J_Di,973203,Reverted edits by [[Special:Contributions/Dolladollabill|Dolladollabill]] ([[User talk:Dolladollabill|talk]]) to last version by Trebor Rowntree ,"0
"
Down_syndrome,2006-12-05T20:02:57Z,ip:81.103.231.39,ip:81.103.231.39,,"0
"
Down_syndrome,2006-12-05T20:03:45Z,SandyGeorgia,878749,rvv ,"0
"
Down_syndrome,2006-12-05T20:05:22Z,ip:88.106.38.255,ip:88.106.38.255,,"0
"
Down_syndrome,2006-12-05T20:06:18Z,ip:91.127.24.194,ip:91.127.24.194,/* Characteristics */ ,"0
"
Down_syndrome,2006-12-05T20:07:13Z,Chaser,288788,JS: Reverted edits by [[Special:Contributions/91.127.24.194|91.127.24.194]] to last version by 88.106.38.255 ,"0
"
Down_syndrome,2006-12-05T20:07:17Z,SandyGeorgia,878749,rvv to SandyGeorgia ,"0
"
Down_syndrome,2006-12-05T20:08:25Z,SmartGuy,500839,/* Notable individuals */ ,"0
"
Down_syndrome,2006-12-05T20:08:41Z,SmartGuy,500839,/* Notable individuals */ ,"0
"
Down_syndrome,2006-12-05T20:08:47Z,ip:81.103.231.39,ip:81.103.231.39,,"0
"
Down_syndrome,2006-12-05T20:09:19Z,Chaser,288788,JS: Reverted edits by [[Special:Contributions/81.103.231.39|81.103.231.39]] to last version by SmartGuy ,"0
"
Down_syndrome,2006-12-05T20:11:32Z,SandyGeorgia,878749,"/* Notable individuals */ exapnd ref, thanks for source !! ","0
"
Down_syndrome,2006-12-05T20:12:55Z,Rallette,345395,/* Characteristics */ redundant link ,"0
"
Down_syndrome,2006-12-05T20:16:31Z,ip:88.106.38.255,ip:88.106.38.255,,"0
"
Down_syndrome,2006-12-05T20:16:50Z,SmartGuy,500839,/* Notable individuals */ - adding Stallings book ,"0
"
Down_syndrome,2006-12-05T20:17:51Z,Islandman2,2942984,[[WP:AES|?]]Replaced page with 'OMG' ,"0
"
Down_syndrome,2006-12-05T20:18:11Z,VoABot_II,1879647,"BOT - Reverted edits by [[Special:contributions/Islandman2|Islandman2]] {[[User:VoABot_II/Help#Revert_reasons|vandalism]]} to revision #92291738 by ""SmartGuy"". ","0
"
Down_syndrome,2006-12-05T20:18:53Z,Keyeno,2616142,,"0
"
Down_syndrome,2006-12-05T20:19:37Z,SandyGeorgia,878749,rvv ,"0
"
Down_syndrome,2006-12-05T20:20:46Z,Ski_clown,2943001,,"0
"
Down_syndrome,2006-12-05T20:22:27Z,ip:167.128.62.94,ip:167.128.62.94,,"0
"
Down_syndrome,2006-12-05T20:23:10Z,Chaser,288788,JS: Reverted edits by [[Special:Contributions/167.128.62.94|167.128.62.94]] to last version by Ski clown ,"0
"
Down_syndrome,2006-12-05T20:23:48Z,SandyGeorgia,878749,rvv twice ,"0
"
Down_syndrome,2006-12-05T20:24:48Z,Chaser,288788,JS: Reverted edits by [[Special:Contributions/SandyGeorgia|SandyGeorgia]] to last version by Kchase02 ,"0
"
Down_syndrome,2006-12-05T20:25:03Z,SandyGeorgia,878749,stiill trying to rvv ,"0
"
Down_syndrome,2006-12-05T20:25:26Z,ip:167.128.62.94,ip:167.128.62.94,,"0
"
Down_syndrome,2006-12-05T20:25:39Z,SandyGeorgia,878749,"manuel revert, can't find source of vandalism ","0
"
Down_syndrome,2006-12-05T20:26:15Z,Fvasconcellos,1051513,reverting ,"0
"
Down_syndrome,2006-12-05T20:28:09Z,ip:167.128.62.94,ip:167.128.62.94,,"0
"
Down_syndrome,2006-12-05T20:28:35Z,SandyGeorgia,878749,rvv ,"0
"
Down_syndrome,2006-12-05T20:31:44Z,ip:150.176.244.146,ip:150.176.244.146,/* Notable individuals */ ,"0
"
Down_syndrome,2006-12-05T20:32:27Z,Rallette,345395,"/* Characteristics */ ""brushfield's"" to ""brushfield"" ","0
"
Down_syndrome,2006-12-05T20:32:57Z,ip:150.176.244.146,ip:150.176.244.146,/* Notable individuals */ ,"0
"
Down_syndrome,2006-12-05T20:34:31Z,W.marsh,319357,Reverted edits by [[Special:Contributions/150.176.244.146|150.176.244.146]] ([[User talk:150.176.244.146|talk]]) to last version by Rallette ,"0
"
Down_syndrome,2006-12-05T20:34:40Z,ip:88.106.38.255,ip:88.106.38.255,,"0
"
Down_syndrome,2006-12-05T20:34:57Z,ip:150.176.244.146,ip:150.176.244.146,/* Portrayal in fiction */ ,"0
"
Down_syndrome,2006-12-05T20:35:04Z,Chaser,288788,/* Notable individuals */ rvv ,"0
"
Down_syndrome,2006-12-05T20:35:10Z,AndonicO,1792859,Revert to revision 92295429 dated 2006-12-05 20:34:31 by W.marsh using [[:en:Wikipedia:Tools/Navigation_popups|popups]] ,"0
"
Down_syndrome,2006-12-05T20:36:05Z,SandyGeorgia,878749,/* Notable individuals */ rmv missed vandalism ,"0
"
Down_syndrome,2006-12-05T20:36:19Z,ip:65.93.96.99,ip:65.93.96.99,,"0
"
Down_syndrome,2006-12-05T20:36:57Z,Genetics411,2317680,rv ,"0
"
Down_syndrome,2006-12-05T20:38:18Z,ip:72.9.210.241,ip:72.9.210.241,/* Genetics */ ,"0
"
Down_syndrome,2006-12-05T20:38:38Z,StoptheDatabaseState,2916993,rvv ,"0
"
Down_syndrome,2006-12-05T20:39:07Z,VoABot_II,1879647,"BOT - Reverted edits by [[Special:contributions/StoptheDatabaseState|StoptheDatabaseState]] {[[User:VoABot_II/Help#Revert_reasons|vandalism]]} to revision #92296283 by ""72.9.210.241"". ","0
"
Down_syndrome,2006-12-05T20:39:46Z,MartinBot,2198658,BOT - rv [[Special:Contributions/72.9.210.241|72.9.210.241]] ([[User talk:72.9.210.241|talk]]) to last version by Genetics411 ,"0
"
Down_syndrome,2006-12-05T20:40:04Z,ip:88.106.38.255,ip:88.106.38.255,,"0
"
Down_syndrome,2006-12-05T20:40:24Z,Chaser,288788,JS: Reverted edits by [[Special:Contributions/88.106.38.255|88.106.38.255]] to last version by MartinBot ,"0
"
Down_syndrome,2006-12-05T20:41:47Z,Chaser,288788,"despite image name, it's a screwdriver, not a drill ","0
"
Down_syndrome,2006-12-05T20:43:52Z,ip:68.34.30.166,ip:68.34.30.166,[[WP:AES|?]]Replaced page with '==George Bush es da SUX==' ,"0
"
Down_syndrome,2006-12-05T20:44:16Z,SandyGeorgia,878749,rvv ,"0
"
Down_syndrome,2006-12-05T20:46:03Z,Infrogmation,4444,Protected Down syndrome: Protect; vandalism spree; currently listed on Wonkette [edit=autoconfirmed:move=sysop] ,"0
"
Down_syndrome,2006-12-05T20:54:22Z,Genetics411,2317680,"taking out irrelevant material, as per talk. ","0
"
Down_syndrome,2006-12-05T21:22:35Z,Genetics411,2317680,/* Incidence */ The termination rates are noted in the section on screening. It is not needed here. ,"0
"
Down_syndrome,2006-12-05T22:03:53Z,Genetics411,2317680,/* Genetic research */ fix reference date ,"0
"
Down_syndrome,2006-12-05T22:05:43Z,MisfitToys,58947,copyedit ,"0
"
Down_syndrome,2006-12-05T23:29:45Z,Tphinney,241048,/* Incidence */ Corrected the risk at age 40 to match the cited abstract ,"0
"
Down_syndrome,2006-12-05T23:42:06Z,Raul654,21013,Protected Down syndrome: don't protect the main page FA [move=sysop] ,"0
"
Down_syndrome,2006-12-05T23:52:11Z,ip:128.114.167.11,ip:128.114.167.11,,"0
"
Down_syndrome,2006-12-05T23:52:31Z,Chaser,288788,JS: Reverted edits by [[Special:Contributions/128.114.167.11|128.114.167.11]] to last version by Raul654 ,"0
"
Down_syndrome,2006-12-05T23:53:13Z,ip:128.114.167.11,ip:128.114.167.11,,"0
"
Down_syndrome,2006-12-05T23:53:33Z,Phenz,349226,Revert to revision 92338954 dated 2006-12-05 23:52:31 by Kchase02 using [[:en:Wikipedia:Tools/Navigation_popups|popups]] ,"0
"
Down_syndrome,2006-12-05T23:54:29Z,Wikiman112,2945332,,"0
"
Down_syndrome,2006-12-05T23:55:00Z,StoptheDatabaseState,2916993,rvv ,"0
"
Down_syndrome,2006-12-05T23:56:03Z,Wikiman112,2945332,,"0
"
Down_syndrome,2006-12-05T23:56:18Z,Chaser,288788,JS: Reverted edits by [[Special:Contributions/Wikiman112|Wikiman112]] to last version by StoptheDatabaseState ,"0
"
