Barnard's_Star,2007-10-18T00:35:30Z,Cyde,6511,"/* System summary */ Magnitude 9.57 isn't a ""powerful"" telescope. ","0
"
Barnard's_Star,2007-10-18T00:41:31Z,ip:128.100.52.93,ip:128.100.52.93,/* Neighbourhood */ english ,"0
"
Barnard's_Star,2007-10-18T01:12:38Z,ip:67.87.127.110,ip:67.87.127.110,/* System summary */ ,"0
"
Barnard's_Star,2007-10-18T01:13:12Z,ip:71.110.51.210,ip:71.110.51.210,/* System summary */ ,"0
"
Barnard's_Star,2007-10-18T01:14:40Z,Murgh,1878463,rv vandalism by by [[Special:Contributions/67.87.127.110|67.87.127.110]] ([[User talk:67.87.127.110|talk]]) to last v by 128.100.52.93 ,"0
"
Barnard's_Star,2007-10-18T01:42:47Z,ip:74.226.222.167,ip:74.226.222.167,[[WP:AES|?]]Blanked the page ,"0
"
Barnard's_Star,2007-10-18T01:43:01Z,Slakr,849713,Reverted 1 edit by [[Special:Contributions/74.226.222.167|74.226.222.167]] identified as [[WP:VAND|vandalism]] to last revision by [[User:Murgh|Murgh]]. ,"0
"
Barnard's_Star,2007-10-18T01:43:45Z,ip:74.226.222.167,ip:74.226.222.167,[[WP:AES|?]]Blanked the page ,"0
"
Barnard's_Star,2007-10-18T01:44:06Z,VoABot_II,1879647,"BOT - Reverted edits by [[Special:contributions/74.226.222.167|74.226.222.167]] {[[User:VoABot_II/Help#Revert_reasons|vandalism]]} to revision #165318426 by ""Slakr"". ","0
"
Barnard's_Star,2007-10-18T01:45:16Z,ip:67.70.65.103,ip:67.70.65.103,,"0
"
Barnard's_Star,2007-10-18T01:46:08Z,Michael_Hardy,4626,Reverted edits by [[Special:Contributions/67.70.65.103|67.70.65.103]] ([[User talk:67.70.65.103|talk]]) to last version by VoABot II ,"0
"
Barnard's_Star,2007-10-18T01:47:21Z,ip:68.199.55.31,ip:68.199.55.31,,"0
"
Barnard's_Star,2007-10-18T01:49:43Z,Icewedge,2469121,Reverted 1 edit by [[Special:Contributions/68.199.55.31|68.199.55.31]] identified as [[WP:VAND|vandalism]] to last revision by [[User:Michael Hardy|Michael Hardy]]. using [[WP:TWINKLE|TW]] ,"0
"
Barnard's_Star,2007-10-18T01:56:55Z,ip:71.113.106.240,ip:71.113.106.240,,"0
"
Barnard's_Star,2007-10-18T01:57:06Z,ClueBot,4928500,"Reverting possible vandalism by [[Special:Contributions/71.113.106.240]]. If this is a mistake, [[User:ClueBot/FalsePositives|report it]]. Thanks, [[User:ClueBot|ClueBot]]. (24768) (Bot) ","0
"
Barnard's_Star,2007-10-18T01:57:19Z,Unimaginative_Username,2486260,punc: lead: commas after introductory clauses ,"0
"
Barnard's_Star,2007-10-18T01:57:57Z,Lights,3006002,Removing link to empty page [[ARICNS]] using [[:en:Wikipedia:Tools/Navigation_popups|popups]] ,"0
"
Barnard's_Star,2007-10-18T01:58:49Z,Lights,3006002,Redirect bypass from [[Jupiter (planet)]] to [[Jupiter]] using [[:en:Wikipedia:Tools/Navigation_popups|popups]] ,"0
"
Barnard's_Star,2007-10-18T02:02:25Z,Unimaginative_Username,2486260,"/* System summary */ punc: commas for independent clauses; ""Barnard vs. "" Barnard's""; misplaced ""only"" ","0
"
Barnard's_Star,2007-10-18T02:12:59Z,Angilbas,35288,"/* System summary */ Brightness of moon and planets if Barnard's Star were to replace Sun, calculated from difference of absolute magnitude between the two stars ","0
"
Barnard's_Star,2007-10-18T02:16:59Z,ip:68.126.204.102,ip:68.126.204.102,[[WP:AES|?]]Replaced page with 'xP' ,"0
"
Barnard's_Star,2007-10-18T02:17:10Z,ClueBot,4928500,"Reverting possible vandalism by [[Special:Contributions/68.126.204.102]]. If this is a mistake, [[User:ClueBot/FalsePositives|report it]]. Thanks, [[User:ClueBot|ClueBot]]. (24809) (Bot) ","0
"
Barnard's_Star,2007-10-18T02:21:23Z,ip:68.126.204.102,ip:68.126.204.102,,"0
"
Barnard's_Star,2007-10-18T02:22:07Z,Slakr,849713,Reverted 1 edit by [[Special:Contributions/68.126.204.102|68.126.204.102]] identified as [[WP:VAND|vandalism]] to last revision by [[User:ClueBot|ClueBot]]. ,"0
"
Barnard's_Star,2007-10-18T02:40:21Z,ip:69.114.14.88,ip:69.114.14.88,/* System summary */ ,"0
"
Barnard's_Star,2007-10-18T02:41:32Z,ip:69.114.14.88,ip:69.114.14.88,/* System summary */ ,"0
"
Barnard's_Star,2007-10-18T02:47:14Z,ip:71.72.216.86,ip:71.72.216.86,,"0
"
Barnard's_Star,2007-10-18T02:48:04Z,Assblazer,5603575,Take THAT motherfucker. ,"0
"
Barnard's_Star,2007-10-18T02:48:39Z,VoABot_II,1879647,"BOT - Reverted edits by [[Special:contributions/Assblazer|Assblazer]] {[[User:VoABot_II/Help#Revert_reasons|vandalism]]} to revision #165328599 by ""71.72.216.86"". ","0
"
Barnard's_Star,2007-10-18T02:49:36Z,Lorkki,229535,Revert vandalism by 71.72.216.86 ,"0
"
Barnard's_Star,2007-10-18T02:52:42Z,Analblazer,5603611,,"0
"
Barnard's_Star,2007-10-18T02:53:45Z,Analblazer,5603611,,"0
"
Barnard's_Star,2007-10-18T02:54:35Z,SandyGeorgia,878749,[[WP:UNDO|Undid]] revision 165329568 by [[Special:Contributions/Analblazer|Analblazer]] ([[User talk:Analblazer|talk]]) ,"0
"
Barnard's_Star,2007-10-18T02:55:19Z,ip:70.15.116.59,ip:70.15.116.59,Quit the vandalism already ,"0
"
Barnard's_Star,2007-10-18T02:55:35Z,Analblazer,5603611,,"0
"
Barnard's_Star,2007-10-18T02:56:21Z,ip:76.226.67.230,ip:76.226.67.230,[[WP:UNDO|Undid]] revision 165329805 by [[Special:Contributions/Analblazer|Analblazer]] ([[User talk:Analblazer|talk]]) ,"0
"
Barnard's_Star,2007-10-18T02:57:33Z,Analblazer,5603611,,"0
"
Barnard's_Star,2007-10-18T02:57:59Z,SandyGeorgia,878749,[[WP:UNDO|Undid]] revision 165330124 by [[Special:Contributions/Analblazer|Analblazer]] ([[User talk:Analblazer|talk]]) ,"0
"
Barnard's_Star,2007-10-18T02:59:29Z,SandyGeorgia,878749,/* System summary */ remove redundancy ,"0
"
Barnard's_Star,2007-10-18T03:30:24Z,Zzyzx11,182902,identify who [[Edward Emerson Barnard|E. E. Barnard]] is ,"0
"
Barnard's_Star,2007-10-18T03:59:17Z,ip:129.2.241.107,ip:129.2.241.107,/* System summary */ ,"0
"
Barnard's_Star,2007-10-18T03:59:54Z,ip:129.2.241.107,ip:129.2.241.107,/* Project Daedalus */ ,"0
"
Barnard's_Star,2007-10-18T04:00:19Z,Michaelbusch,941950,rvv ,"0
"
Barnard's_Star,2007-10-18T04:03:28Z,ip:24.84.62.39,ip:24.84.62.39,,"0
"
Barnard's_Star,2007-10-18T04:05:23Z,IanOsgood,1769468,[[WP:UNDO|Undid]] revision 165339319 by [[Special:Contributions/24.84.62.39|24.84.62.39]] ([[User talk:24.84.62.39|talk]]) ,"0
"
Barnard's_Star,2007-10-18T04:08:09Z,IanOsgood,1769468,,"0
"
Barnard's_Star,2007-10-18T04:11:06Z,IanOsgood,1769468,,"0
"
Barnard's_Star,2007-10-18T04:15:57Z,IanOsgood,1769468,,"0
"
Barnard's_Star,2007-10-18T04:16:41Z,P3d0,15370,/* Supposed planets */ un-obfuscate orbital perturbations link ,"0
"
Barnard's_Star,2007-10-18T04:18:33Z,P3d0,15370,/* Project Daedalus */ rewrite sentence to avoid redirect to [[self-replicating spacecraft]] ,"0
"
Barnard's_Star,2007-10-18T04:20:35Z,IanOsgood,1769468,/* System summary */ towards sun == blue shift ,"0
"
Barnard's_Star,2007-10-18T04:30:52Z,IanOsgood,1769468,/* System summary */ clear should always be the last thing in a section ,"0
"
Barnard's_Star,2007-10-18T04:34:10Z,IanOsgood,1769468,"/* Supposed planets */ sorry, not encyclopedic ","0
"
Barnard's_Star,2007-10-18T04:39:53Z,IanOsgood,1769468,"/* Refining planetary boundaries */ not the undead astronomer, presumably :) ","0
"
Barnard's_Star,2007-10-18T04:43:50Z,IanOsgood,1769468,/* Refining planetary boundaries */ ,"0
"
Barnard's_Star,2007-10-18T04:53:15Z,This_name_is_dumbikno,5604240,,"0
"
Barnard's_Star,2007-10-18T04:54:30Z,Antandrus,57658,Reverted edits by [[Special:Contributions/This name is dumbikno|This name is dumbikno]] ([[User talk:This name is dumbikno|talk]]) to last version by IanOsgood ,"0
"
Barnard's_Star,2007-10-18T05:08:40Z,IanOsgood,1769468,typ0 ,"0
"
Barnard's_Star,2007-10-18T05:30:25Z,ip:24.131.125.58,ip:24.131.125.58,,"0
"
Barnard's_Star,2007-10-18T05:32:58Z,Maxamegalon2000,410083,Revert to the revision prior to revision 165349527 dated 2007-10-18 05:30:25 by 24.131.125.58 using [[:en:Wikipedia:Tools/Navigation_popups|popups]] ,"0
"
Barnard's_Star,2007-10-18T07:21:11Z,Rursus,31073,/* 1998 flare */ observing humans to be identified ,"0
"
Barnard's_Star,2007-10-18T07:34:49Z,Marskell,194262,low value blue link ,"0
"
Barnard's_Star,2007-10-18T08:04:20Z,Marskell,194262,/* Supposed planets */ unhide ,"0
"
Barnard's_Star,2007-10-18T08:11:18Z,ip:60.231.183.104,ip:60.231.183.104,/* Neighbourhood */ ,"0
"
Barnard's_Star,2007-10-18T08:12:14Z,Marskell,194262,/* System summary */ where'd this come from? ,"0
"
Barnard's_Star,2007-10-18T08:15:04Z,ip:220.227.179.4,ip:220.227.179.4,"align, xhtml ","0
"
Barnard's_Star,2007-10-18T08:18:07Z,ip:218.208.227.26,ip:218.208.227.26,/* See also */ #REDIRECT [[Barnstar]] ,"0
"
Barnard's_Star,2007-10-18T08:18:28Z,ip:218.208.227.26,ip:218.208.227.26,[[WP:UNDO|Undid]] revision 165366346 by [[Special:Contributions/218.208.227.26|218.208.227.26]] ([[User talk:218.208.227.26|talk]]) ,"0
"
Barnard's_Star,2007-10-18T08:22:55Z,Lightmouse,4469495,[[wp:mosnum]] format:units and/or dates ,"0
"
Barnard's_Star,2007-10-18T08:28:44Z,ip:204.218.240.66,ip:204.218.240.66,/* Supposed planets */ ,"0
"
Barnard's_Star,2007-10-18T08:30:09Z,Carter,3070713,Reverted edits by [[Special:Contributions/204.218.240.66|204.218.240.66]] to last version by Lightmouse ,"0
"
Barnard's_Star,2007-10-18T08:41:33Z,B.d.mills,67403,/* Neighbourhood */ removed unencylopedic edit by 60.231.183.104 ,"0
"
Barnard's_Star,2007-10-18T09:13:02Z,ip:62.95.90.22,ip:62.95.90.22,/* System summary */ ,"0
"
Barnard's_Star,2007-10-18T09:14:16Z,ip:62.95.90.22,ip:62.95.90.22,/* System summary */ qewi8ufijmenojr9gw8fiojlwbgru76eft8dijopwi9ru0g378wiojpuho ,"0
"
Barnard's_Star,2007-10-18T09:14:44Z,Baston1975,1731531,/* System summary */ Vandalism... ,"0
"
Barnard's_Star,2007-10-18T09:16:26Z,JustShin,2078921,vandalism ,"0
"
Barnard's_Star,2007-10-18T09:58:36Z,ip:80.176.254.71,ip:80.176.254.71,,"0
"
Barnard's_Star,2007-10-18T10:05:12Z,Boobboob,5605707,,"0
"
Barnard's_Star,2007-10-18T10:05:19Z,VoABot_II,1879647,"BOT - Reverted edits by [[Special:contributions/Boobboob|Boobboob]] {[[User:VoABot_II/Help#Revert_reasons|vandalism]]} to revision #165376848 by ""80.176.254.71"". ","0
"
Barnard's_Star,2007-10-18T10:06:47Z,Euroelite,5207196,,"0
"
Barnard's_Star,2007-10-18T10:09:14Z,Bongwarrior,1879566,Reverted 1 edit by [[Special:Contributions/Euroelite|Euroelite]] identified as [[WP:VAND|vandalism]] to last revision by [[User:VoABot II|VoABot II]]. using [[WP:TWINKLE|TW]] ,"0
"
Barnard's_Star,2007-10-18T12:05:24Z,Bkell,32452,"/* Neighbourhood */ reworded to avoid awkward double possessive, added a hyphen ","0
"
Barnard's_Star,2007-10-18T12:05:44Z,Bkell,32452,"/* Neighbourhood */ oops, failed to remove the 's ","0
"
Barnard's_Star,2007-10-18T12:13:53Z,ip:76.79.78.24,ip:76.79.78.24,,"0
"
Barnard's_Star,2007-10-18T12:14:40Z,VoABot_II,1879647,"BOT - Reverted edits by [[Special:contributions/76.79.78.24|76.79.78.24]] {[[User:VoABot_II/Help#Revert_reasons|vandalism]]} to revision #165389691 by ""Bkell"". ","0
"
Barnard's_Star,2007-10-18T12:50:16Z,ip:158.59.197.28,ip:158.59.197.28,/* System summary */ ,"0
"
Barnard's_Star,2007-10-18T12:52:55Z,ip:194.63.116.72,ip:194.63.116.72,[[WP:UNDO|Undid]] revision 165395056 by [[Special:Contributions/158.59.197.28|158.59.197.28]] ([[User talk:158.59.197.28|talk]]) ,"0
"
Barnard's_Star,2007-10-18T12:58:09Z,ip:24.190.131.51,ip:24.190.131.51,/* System summary */ ,"0
"
Barnard's_Star,2007-10-18T12:58:24Z,Ashmoo,194089,/* Neighbourhood */ this is important to make clear ,"0
"
Barnard's_Star,2007-10-18T12:59:35Z,ip:158.59.197.74,ip:158.59.197.74,/* Project Daedalus */ ,"0
"
Barnard's_Star,2007-10-18T12:59:47Z,ip:199.248.200.94,ip:199.248.200.94,Removed Spam ,"0
"
Barnard's_Star,2007-10-18T12:59:53Z,ip:24.190.131.51,ip:24.190.131.51,/* Supposed planets */ ,"0
"
Barnard's_Star,2007-10-18T13:00:34Z,ip:24.190.131.51,ip:24.190.131.51,[[WP:AES|?]]Replaced page with 'Ur gay' ,"0
"
Barnard's_Star,2007-10-18T13:00:52Z,ClueBot,4928500,"Reverting possible vandalism by [[Special:Contributions/24.190.131.51]]. If this is a mistake, [[User:ClueBot/FalsePositives|report it]]. Thanks, [[User:ClueBot|ClueBot]]. (25416) (Bot) ","0
"
Barnard's_Star,2007-10-18T13:01:09Z,ip:72.20.212.231,ip:72.20.212.231,,"0
"
Barnard's_Star,2007-10-18T13:02:18Z,ip:24.190.131.51,ip:24.190.131.51,,"0
"
Barnard's_Star,2007-10-18T13:02:48Z,ip:24.190.131.51,ip:24.190.131.51,/* Project Daedalus */ ,"0
"
Barnard's_Star,2007-10-18T13:03:30Z,Giftlite,37986,rv ,"0
"
Barnard's_Star,2007-10-18T13:06:06Z,Giftlite,37986,/* Project Daedalus */ love?contact ,"0
"
Barnard's_Star,2007-10-18T13:10:54Z,ip:207.241.243.140,ip:207.241.243.140,/* Supposed planets */ ,"0
"
Barnard's_Star,2007-10-18T13:11:12Z,ip:207.241.243.140,ip:207.241.243.140,/* Supposed planets */ ,"0
"
Barnard's_Star,2007-10-18T13:11:42Z,ip:207.241.243.140,ip:207.241.243.140,/* Supposed planets */ ,"0
"
Barnard's_Star,2007-10-18T13:14:54Z,ip:65.214.106.5,ip:65.214.106.5,/* Supposed planets */ ,"0
"
Barnard's_Star,2007-10-18T13:16:04Z,ip:207.241.243.140,ip:207.241.243.140,/* Supposed planets */ ,"0
"
Barnard's_Star,2007-10-18T13:17:17Z,ip:212.219.63.155,ip:212.219.63.155,/* Supposed planets */ ,"0
"
Barnard's_Star,2007-10-18T13:19:26Z,Ortin19,2180856,[[WP:UNDO|Undid]] revision 165398936 by [[Special:Contributions/212.219.63.155|212.219.63.155]] ([[User talk:212.219.63.155|talk]]) ,"0
"
Barnard's_Star,2007-10-18T13:21:31Z,DigitalCatalyst,2481734,Reverting even further back from Vandalism ,"0
"
Barnard's_Star,2007-10-18T13:21:43Z,Ortin19,2180856,"rv to version by ClueBot as of 09:00, October 18, 2007 ","0
"
Barnard's_Star,2007-10-18T13:23:24Z,Ortin19,2180856,,"0
"
Barnard's_Star,2007-10-18T13:44:14Z,ip:70.228.239.86,ip:70.228.239.86,/* Supposed planets */ ,"0
"
Barnard's_Star,2007-10-18T13:46:33Z,ip:194.81.223.66,ip:194.81.223.66,/* Supposed planets */ Typo fix - 1763 to 1963 ,"0
"
Barnard's_Star,2007-10-18T13:51:21Z,ip:70.228.239.86,ip:70.228.239.86,/* Supposed planets */ ,"0
"
Barnard's_Star,2007-10-18T13:51:56Z,ip:207.203.158.227,ip:207.203.158.227,/* Research */ ,"0
"
Barnard's_Star,2007-10-18T13:52:42Z,ip:207.203.158.227,ip:207.203.158.227,/* Research */ ,"0
"
Barnard's_Star,2007-10-18T13:54:49Z,SandyGeorgia,878749,italicize et al ,"0
"
Barnard's_Star,2007-10-18T13:56:50Z,SandyGeorgia,878749,rvv ,"0
"
Barnard's_Star,2007-10-18T14:02:19Z,ip:66.83.184.178,ip:66.83.184.178,/* Supposed planets */ ,"0
"
Barnard's_Star,2007-10-18T14:03:33Z,SandyGeorgia,878749,[[WP:UNDO|Undid]] revision 165406475 by [[Special:Contributions/66.83.184.178|66.83.184.178]] ([[User talk:66.83.184.178|talk]]) ,"0
"
Barnard's_Star,2007-10-18T14:04:04Z,SandyGeorgia,878749,"/* Supposed planets */ restore old, massive blanking, will doublecheck it was correct ","0
"
Barnard's_Star,2007-10-18T14:05:05Z,ip:66.83.184.178,ip:66.83.184.178,/* System summary */ ,"0
"
Barnard's_Star,2007-10-18T14:05:48Z,SandyGeorgia,878749,[[WP:UNDO|Undid]] revision 165406941 by [[Special:Contributions/66.83.184.178|66.83.184.178]] ([[User talk:66.83.184.178|talk]]) ,"0
"
Barnard's_Star,2007-10-18T14:06:18Z,SandyGeorgia,878749,remove white space from system summary restore ,"0
"
Barnard's_Star,2007-10-18T14:07:33Z,SandyGeorgia,878749,"revert old vandalism, it's 17% not 1.7% in original version ","0
"
Barnard's_Star,2007-10-18T14:11:03Z,SandyGeorgia,878749,rmv more white space following vandal restore ,"0
"
Barnard's_Star,2007-10-18T14:18:20Z,ip:142.227.125.130,ip:142.227.125.130,,"0
"
Barnard's_Star,2007-10-18T14:18:47Z,SandyGeorgia,878749,[[WP:UNDO|Undid]] revision 165409298 by [[Special:Contributions/142.227.125.130|142.227.125.130]] ([[User talk:142.227.125.130|talk]]) ,"0
"
Barnard's_Star,2007-10-18T14:20:05Z,ip:142.227.125.130,ip:142.227.125.130,,"0
"
Barnard's_Star,2007-10-18T14:20:46Z,SandyGeorgia,878749,[[WP:UNDO|Undid]] revision 165409611 by [[Special:Contributions/142.227.125.130|142.227.125.130]] ([[User talk:142.227.125.130|talk]]) ,"0
"
Barnard's_Star,2007-10-18T14:21:14Z,ip:142.227.125.130,ip:142.227.125.130,,"0
"
Barnard's_Star,2007-10-18T14:21:23Z,Discospinster,82432,Revert to revision 165409390 dated 2007-10-18 14:18:47 by SandyGeorgia using [[:en:Wikipedia:Tools/Navigation_popups|popups]] ,"0
"
Barnard's_Star,2007-10-18T14:28:12Z,Twenty_Years,3928246,del image caption - redundant ,"0
"
Barnard's_Star,2007-10-18T15:02:26Z,ip:128.164.213.114,ip:128.164.213.114,[[WP:AES|?]]Replaced page with 'Who cares?' ,"0
"
Barnard's_Star,2007-10-18T15:02:38Z,ClueBot,4928500,"Reverting possible vandalism by [[Special:Contributions/128.164.213.114]]. If this is a mistake, [[User:ClueBot/FalsePositives|report it]]. Thanks, [[User:ClueBot|ClueBot]]. (25673) (Bot) ","0
"
Barnard's_Star,2007-10-18T15:28:45Z,Myguy123,5513213,[[WP:AES|?]]Blanked the page ,"0
"
Barnard's_Star,2007-10-18T15:29:13Z,Shanes,94147,Reverted edits by [[Special:Contributions/Myguy123|Myguy123]] ([[User talk:Myguy123|talk]]) to last version by ClueBot ,"0
"
Barnard's_Star,2007-10-18T15:56:09Z,123_lmnop,5607812,,"0
"
Barnard's_Star,2007-10-18T15:57:30Z,Serendipodous,414691,[[WP:UNDO|Undid]] revision 165427198 by [[Special:Contributions/123 lmnop|123 lmnop]] ([[User talk:123 lmnop|talk]]) ,"0
"
Barnard's_Star,2007-10-18T15:58:09Z,123_lmnop,5607812,,"0
"
Barnard's_Star,2007-10-18T15:58:19Z,ip:205.235.63.10,ip:205.235.63.10,,"0
"
Barnard's_Star,2007-10-18T15:58:50Z,123_lmnop,5607812,,"0
"
Barnard's_Star,2007-10-18T15:59:01Z,Serendipodous,414691,rvv ,"0
"
Barnard's_Star,2007-10-18T16:00:14Z,ip:65.210.24.46,ip:65.210.24.46,,"0
"
Barnard's_Star,2007-10-18T16:00:54Z,ip:205.235.63.10,ip:205.235.63.10,,"0
"
Barnard's_Star,2007-10-18T16:01:03Z,ip:205.235.63.10,ip:205.235.63.10,,"0
"
Barnard's_Star,2007-10-18T16:03:03Z,ip:205.235.63.10,ip:205.235.63.10,,"0
"
Barnard's_Star,2007-10-18T16:03:27Z,SandyGeorgia,878749,back to Serendipodous ,"0
"
Barnard's_Star,2007-10-18T16:06:30Z,ip:208.108.93.214,ip:208.108.93.214,/* System summary */ ,"0
"
Barnard's_Star,2007-10-18T16:06:57Z,ip:158.59.193.193,ip:158.59.193.193,,"0
"
Barnard's_Star,2007-10-18T16:07:31Z,ip:158.59.193.193,ip:158.59.193.193,[[WP:AES|?]]Replaced page with 'tgrhr' ,"0
"
Barnard's_Star,2007-10-18T16:07:41Z,ClueBot,4928500,"Reverting possible vandalism by [[Special:Contributions/158.59.193.193]]. If this is a mistake, [[User:ClueBot/FalsePositives|report it]]. Thanks, [[User:ClueBot|ClueBot]]. (25837) (Bot) ","0
"
Barnard's_Star,2007-10-18T16:08:11Z,Oxymoron83,4414625,Reverted to revision 165428554 by [[Special:Contributions/SandyGeorgia|SandyGeorgia]]. ,"0
"
Barnard's_Star,2007-10-18T16:09:08Z,ip:208.108.93.214,ip:208.108.93.214,/* Supposed planets */ ,"0
"
Barnard's_Star,2007-10-18T16:10:30Z,Carlosguitar,409564,Reverted 1 edit by [[Special:Contributions/208.108.93.214|208.108.93.214]] identified as [[WP:VAND|vandalism]] to last revision by [[User:Oxymoron83|Oxymoron83]]. using [[WP:TW]] ,"0
"
Barnard's_Star,2007-10-18T16:15:03Z,Superdudemarkheckman,5608064,,"0
"
Barnard's_Star,2007-10-18T16:15:43Z,SandyGeorgia,878749,[[WP:UNDO|Undid]] revision 165430820 by [[Special:Contributions/Superdudemarkheckman|Superdudemarkheckman]] ([[User talk:Superdudemarkheckman|talk]]) ,"0
"
Barnard's_Star,2007-10-18T16:24:18Z,Grant_Gussie,1779867,/* System summary */ ,"0
"
Barnard's_Star,2007-10-18T16:38:27Z,Woofdogza,5608275,,"0
"
Barnard's_Star,2007-10-18T16:38:48Z,ip:193.164.103.41,ip:193.164.103.41,/* System summary */ ,"0
"
Barnard's_Star,2007-10-18T16:39:55Z,Violentbob,1939839,Removed Burma comments. How did they sneak through? ,"0
"
Barnard's_Star,2007-10-18T16:40:02Z,Oxymoron83,4414625,Reverted edits by [[Special:Contributions/193.164.103.41|193.164.103.41]] ([[User talk:193.164.103.41|talk]]) to last version by Woofdogza ,"0
"
Barnard's_Star,2007-10-18T16:40:44Z,Woofdogza,5608275,,"0
"
Barnard's_Star,2007-10-18T16:41:56Z,ip:89.241.175.53,ip:89.241.175.53,/* External links */ ,"0
"
Barnard's_Star,2007-10-18T16:43:58Z,ip:62.56.88.45,ip:62.56.88.45,,"0
"
Barnard's_Star,2007-10-18T16:44:17Z,ip:165.139.198.193,ip:165.139.198.193,/* System summary */ ,"0
"
Barnard's_Star,2007-10-18T16:45:31Z,ip:165.139.198.193,ip:165.139.198.193,/* System summary */ ,"0
"
Barnard's_Star,2007-10-18T16:45:51Z,Serendipodous,414691,rvv ,"0
"
Barnard's_Star,2007-10-18T16:46:54Z,ip:12.192.23.239,ip:12.192.23.239,,"0
"
Barnard's_Star,2007-10-18T16:47:19Z,Centralhawk3,742538,Removed some errors because of a previous editor misusing the system. ,"0
"
Barnard's_Star,2007-10-18T16:47:48Z,SandyGeorgia,878749,"back to OxyMoron, vandalism missed in the interim edits ","0
"
Barnard's_Star,2007-10-18T16:57:04Z,ip:86.4.19.207,ip:86.4.19.207,,"0
"
Barnard's_Star,2007-10-18T16:57:37Z,Zzuuzz,365454,Reverted edits by [[Special:Contributions/86.4.19.207|86.4.19.207]] ([[User talk:86.4.19.207|talk]]) to last version by SandyGeorgia ,"0
"
Barnard's_Star,2007-10-18T17:13:50Z,Zachingles22,5358170,,"0
"
Barnard's_Star,2007-10-18T17:15:34Z,Zachingles22,5358170,,"0
"
Barnard's_Star,2007-10-18T17:19:53Z,Zachingles22,5358170,,"0
"
Barnard's_Star,2007-10-18T17:23:13Z,IanOsgood,1769468,revert vandalism ,"0
"
Barnard's_Star,2007-10-18T17:25:07Z,IanOsgood,1769468,oops wrong version ,"0
"
Barnard's_Star,2007-10-18T17:34:01Z,ip:212.120.248.84,ip:212.120.248.84,,"0
"
Barnard's_Star,2007-10-18T17:34:18Z,ip:128.197.150.205,ip:128.197.150.205,/* System summary */ ,"0
"
Barnard's_Star,2007-10-18T17:34:34Z,Serendipodous,414691,[[WP:UNDO|Undid]] revision 165447072 by [[Special:Contributions/212.120.248.84|212.120.248.84]] ([[User talk:212.120.248.84|talk]]) ,"0
"
Barnard's_Star,2007-10-18T17:35:15Z,ip:128.197.150.205,ip:128.197.150.205,/* System summary */ ,"0
"
Barnard's_Star,2007-10-18T17:35:58Z,Serendipodous,414691,[[WP:UNDO|Undid]] revision 165447333 by [[Special:Contributions/128.197.150.205|128.197.150.205]] ([[User talk:128.197.150.205|talk]]) ,"0
"
Barnard's_Star,2007-10-18T17:36:14Z,Latka,234285,rvv back to version by IanOsgood ,"0
"
Barnard's_Star,2007-10-18T17:37:18Z,IanOsgood,1769468,/* Supposed planets */ improper synthesis: how can we report what Van de Camp might have felt? ,"0
"
Barnard's_Star,2007-10-18T17:43:50Z,ip:128.59.168.241,ip:128.59.168.241,/* 1998 flare */ not solar ,"0
"
Barnard's_Star,2007-10-18T17:56:38Z,ip:82.13.222.9,ip:82.13.222.9,/* System summary */ ,"0
"
Barnard's_Star,2007-10-18T18:07:52Z,Driftwoodzebulin,189361,being near the celestial equator isn't necessarily favorable for observation although in this case it should account ,"0
"
Barnard's_Star,2007-10-18T18:26:19Z,ip:81.146.41.193,ip:81.146.41.193,,"0
"
Barnard's_Star,2007-10-18T18:26:34Z,Wizardman,713860,Reverted edits by [[Special:Contributions/81.146.41.193|81.146.41.193]] ([[User talk:81.146.41.193|talk]]) to last version by Driftwoodzebulin ,"0
"
Barnard's_Star,2007-10-18T18:33:22Z,ip:136.159.248.179,ip:136.159.248.179,,"0
"
Barnard's_Star,2007-10-18T18:36:01Z,ip:169.139.251.224,ip:169.139.251.224,[[WP:AES|?]]Replaced page with 'MS. MEDLEY IS THE GREATEST TEACHER EVER!' ,"0
"
Barnard's_Star,2007-10-18T18:36:28Z,SandyGeorgia,878749,rvv to Wizardman ,"0
"
Barnard's_Star,2007-10-18T18:44:08Z,ip:129.215.149.97,ip:129.215.149.97,,"0
"
Barnard's_Star,2007-10-18T18:52:43Z,Marskell,194262,this was fine ,"0
"
Barnard's_Star,2007-10-18T18:54:19Z,ip:84.13.80.77,ip:84.13.80.77,,"0
"
Barnard's_Star,2007-10-18T18:55:39Z,ip:84.13.80.77,ip:84.13.80.77,,"0
"
Barnard's_Star,2007-10-18T18:56:14Z,ip:84.13.80.77,ip:84.13.80.77,,"0
"
Barnard's_Star,2007-10-18T18:57:34Z,ip:84.13.80.77,ip:84.13.80.77,,"0
"
Barnard's_Star,2007-10-18T18:58:46Z,ip:81.106.163.170,ip:81.106.163.170,,"0
"
Barnard's_Star,2007-10-18T18:59:46Z,Marskell,194262,rvv ,"0
"
Barnard's_Star,2007-10-18T19:03:28Z,ip:84.110.201.227,ip:84.110.201.227,,"0
"
Barnard's_Star,2007-10-18T19:03:44Z,Tckma,171330,Reverted 1 edit by [[Special:Contributions/84.110.201.227|84.110.201.227]] identified as [[WP:VAND|vandalism]] to last revision by [[User:Marskell|Marskell]]. using [[WP:TWINKLE|TW]] ,"0
"
Barnard's_Star,2007-10-18T19:04:35Z,ip:84.110.201.227,ip:84.110.201.227,,"0
"
Barnard's_Star,2007-10-18T19:04:50Z,Slakr,849713,Reverted 1 edit by [[Special:Contributions/84.110.201.227|84.110.201.227]] identified as [[WP:VAND|vandalism]] to last revision by [[User:Tckma|Tckma]]. ,"0
"
Barnard's_Star,2007-10-18T19:04:59Z,ip:71.60.151.41,ip:71.60.151.41,/* Neighbourhood */ ,"0
"
Barnard's_Star,2007-10-18T19:08:06Z,Marskell,194262,-ou is acceptable ,"0
"
Barnard's_Star,2007-10-18T19:13:23Z,ip:216.138.170.250,ip:216.138.170.250,/* Refining planetary boundaries */ ,"0
"
Barnard's_Star,2007-10-18T19:14:41Z,Michaelbusch,941950,rvv ,"0
"
Barnard's_Star,2007-10-18T19:21:53Z,ip:72.79.53.116,ip:72.79.53.116,spelling ,"0
"
Barnard's_Star,2007-10-18T19:22:24Z,Michaelbusch,941950,rvv ,"0
"
Barnard's_Star,2007-10-18T19:26:18Z,ip:170.185.172.19,ip:170.185.172.19,,"0
"
Barnard's_Star,2007-10-18T19:26:51Z,Chaser,288788,Reverted edits by [[Special:Contributions/170.185.172.19|170.185.172.19]] ([[User talk:170.185.172.19|talk]]) to last version by Michaelbusch ,"0
"
Barnard's_Star,2007-10-18T19:38:16Z,ip:142.163.161.61,ip:142.163.161.61,[[WP:AES|?]]Blanked the page ,"0
"
Barnard's_Star,2007-10-18T19:38:28Z,ClueBot,4928500,"Reverting possible vandalism by [[Special:Contributions/142.163.161.61]]. If this is a mistake, [[User:ClueBot/FalsePositives|report it]]. Thanks, [[User:ClueBot|ClueBot]]. (26435) (Bot) ","0
"
Barnard's_Star,2007-10-18T19:40:11Z,ip:142.163.161.61,ip:142.163.161.61,[[WP:AES|?]]Replaced page with 'COCK JOKE!!!!!' ,"0
"
Barnard's_Star,2007-10-18T19:40:17Z,GDonato,3250523,Reverted edits by [[Special:Contributions/142.163.161.61|142.163.161.61]] ([[User talk:142.163.161.61|talk]]) to last version by ClueBot ,"0
"
Barnard's_Star,2007-10-18T19:44:07Z,ip:12.197.112.187,ip:12.197.112.187,[[WP:AES|?]]Blanked the page ,"0
"
Barnard's_Star,2007-10-18T19:44:19Z,ClueBot,4928500,"Reverting possible vandalism by [[Special:Contributions/12.197.112.187]]. If this is a mistake, [[User:ClueBot/FalsePositives|report it]]. Thanks, [[User:ClueBot|ClueBot]]. (26448) (Bot) ","0
"
Barnard's_Star,2007-10-18T19:47:56Z,ip:142.163.161.61,ip:142.163.161.61,[[WP:AES|?]]Replaced page with 'Penis.' ,"0
"
Barnard's_Star,2007-10-18T19:48:27Z,Oxymoron83,4414625,Reverted edits by [[Special:Contributions/142.163.161.61|142.163.161.61]] ([[User talk:142.163.161.61|talk]]) to last version by ClueBot ,"0
"
Barnard's_Star,2007-10-18T19:48:56Z,ip:142.163.161.61,ip:142.163.161.61,[[WP:AES|?]]Blanked the page ,"0
"
Barnard's_Star,2007-10-18T19:49:08Z,Chaser,288788,Reverted edits by [[Special:Contributions/142.163.161.61|142.163.161.61]] ([[User talk:142.163.161.61|talk]]) to last version by Oxymoron83 ,"0
"
Barnard's_Star,2007-10-18T19:53:19Z,ip:147.4.12.157,ip:147.4.12.157,,"0
"
Barnard's_Star,2007-10-18T19:53:45Z,Chaser,288788,Reverted edits by [[Special:Contributions/147.4.12.157|147.4.12.157]] ([[User talk:147.4.12.157|talk]]) to last version by Chaser ,"0
"
Barnard's_Star,2007-10-18T19:55:39Z,ip:147.4.12.157,ip:147.4.12.157,TO ARMS MEN! ,"0
"
Barnard's_Star,2007-10-18T19:56:08Z,Latka,234285,[[WP:UNDO|Undid]] revision 165477000 by [[Special:Contributions/147.4.12.157|147.4.12.157]] ([[User talk:147.4.12.157|talk]]) ,"0
"
Barnard's_Star,2007-10-18T19:56:37Z,ip:87.54.111.21,ip:87.54.111.21,STOP THE DESTROYING! ,"0
"
Barnard's_Star,2007-10-18T20:00:13Z,Etacar11,162093,rvv [[WP:UNDO|Undid]] revision 165477202 by [[Special:Contributions/87.54.111.21|87.54.111.21]] ([[User talk:87.54.111.21|talk]]) ,"0
"
Barnard's_Star,2007-10-18T20:07:04Z,ip:216.124.158.226,ip:216.124.158.226,/* System summary */ ,"0
"
Barnard's_Star,2007-10-18T20:10:14Z,Gscshoyru,67043,Reverted 1 edit by [[Special:Contributions/216.124.158.226|216.124.158.226]] identified as [[WP:VAND|vandalism]] to last revision by [[User:Etacar11|Etacar11]]. using [[WP:TW|TW]] ,"0
"
Barnard's_Star,2007-10-18T20:16:08Z,ip:86.130.214.89,ip:86.130.214.89,/* Supposed planets */ ,"0
"
Barnard's_Star,2007-10-18T20:16:48Z,Giftlite,37986,[[WP:UNDO|Undid]] revision 165481214 by [[Special:Contributions/86.130.214.89|86.130.214.89]] ([[User talk:86.130.214.89|talk]]) ,"0
"
Barnard's_Star,2007-10-18T20:20:21Z,ip:86.130.214.89,ip:86.130.214.89,/* 1998 flare */ ,"0
"
Barnard's_Star,2007-10-18T20:21:52Z,Wknight94,352579,Reverted edits by [[Special:Contributions/86.130.214.89|86.130.214.89]] ([[User talk:86.130.214.89|talk]]) to last version by Giftlite ,"0
"
Barnard's_Star,2007-10-18T20:24:53Z,ip:71.146.164.229,ip:71.146.164.229,,"0
"
Barnard's_Star,2007-10-18T20:26:21Z,ip:167.206.202.139,ip:167.206.202.139,[[WP:UNDO|Undid]] revision 165483035 by [[Special:Contributions/71.146.164.229|71.146.164.229]] ([[User talk:71.146.164.229|talk]]) ,"0
"
Barnard's_Star,2007-10-18T20:49:06Z,ip:71.228.137.151,ip:71.228.137.151,[[WP:AES|?]]Replaced page with 'ha ha' ,"0
"
Barnard's_Star,2007-10-18T20:49:41Z,ClueBot,4928500,"Reverting possible vandalism by [[Special:Contributions/71.228.137.151]]. If this is a mistake, [[User:ClueBot/FalsePositives|report it]]. Thanks, [[User:ClueBot|ClueBot]]. (26626) (Bot) ","0
"
Barnard's_Star,2007-10-18T20:51:11Z,ip:24.86.252.26,ip:24.86.252.26,"/* Project Daedalus */ added wikilink to Robert Freitas, Ihope this is the corerect Freitas ","0
"
Barnard's_Star,2007-10-18T20:53:06Z,Thespiain,1460342,,"0
"
Barnard's_Star,2007-10-18T20:54:32Z,Gscshoyru,67043,"Reverted 1 edit by [[Special:Contributions/Thespiain|Thespiain]]; Rv... unsourced, probable vandalism. using [[WP:TW|TW]] ","0
"
Barnard's_Star,2007-10-18T20:54:39Z,Thespiain,1460342,,"0
"
Barnard's_Star,2007-10-18T20:55:05Z,Gscshoyru,67043,Reverted 1 edit by [[Special:Contributions/Thespiain|Thespiain]]; Rvv. using [[WP:TW|TW]] ,"0
"
Barnard's_Star,2007-10-18T21:05:38Z,Willpopp420,5610285,/* System summary */ ,"0
"
Barnard's_Star,2007-10-18T21:07:36Z,Wknight94,352579,Reverted edits by [[Special:Contributions/Willpopp420|Willpopp420]] ([[User talk:Willpopp420|talk]]) to last version by Gscshoyru ,"0
"
Barnard's_Star,2007-10-18T21:09:22Z,ip:74.202.252.34,ip:74.202.252.34,,"0
"
Barnard's_Star,2007-10-18T21:10:17Z,Thespiain,1460342,,"0
"
Barnard's_Star,2007-10-18T21:12:20Z,IanOsgood,1769468,revert vandalism ,"0
"
Barnard's_Star,2007-10-18T21:24:42Z,Xompanthy,335490,/* Supposed planets */ WP:NOR ,"0
"
Barnard's_Star,2007-10-18T21:28:53Z,ip:206.171.118.100,ip:206.171.118.100,[[WP:AES|?]]Replaced page with 'u r a creep u dumb ************ #@@^@$&^%$%$#$#@^%&#*&$#&^%#&#$%$*###%#&$%^$$%#%$$#@$%@$!$#@#$' ,"0
"
Barnard's_Star,2007-10-18T21:29:03Z,NHRHS2010,3884072,Reverted 1 edit by [[Special:Contributions/206.171.118.100|206.171.118.100]] identified as [[WP:VAND|vandalism]] to last revision by [[User:Xompanthy|Xompanthy]]. using [[WP:TW|TW]] ,"0
"
Barnard's_Star,2007-10-18T21:35:37Z,Gene_Nygaard,146986,symbols for units of measure unchanged in plural ,"0
"
Barnard's_Star,2007-10-18T21:37:26Z,Gene_Nygaard,146986,"/* System summary */ space before unit symbol, disambiguate link ","0
"
Barnard's_Star,2007-10-18T21:42:13Z,Gene_Nygaard,146986,/* Refining planetary boundaries */ singular ,"0
"
Barnard's_Star,2007-10-18T22:02:58Z,Bigstud1986,5610650,,"0
"
Barnard's_Star,2007-10-18T22:04:29Z,Bongwarrior,1879566,Reverted 1 edit by [[Special:Contributions/Bigstud1986|Bigstud1986]] identified as [[WP:VAND|vandalism]] to last revision by [[User:Gene Nygaard|Gene Nygaard]]. using [[WP:TWINKLE|TW]] ,"0
"
Barnard's_Star,2007-10-18T22:10:37Z,ip:66.168.230.76,ip:66.168.230.76,/* 1998 flare */ ,"0
"
Barnard's_Star,2007-10-18T22:13:31Z,Marskell,194262,Reverted edits by [[Special:Contributions/66.168.230.76|66.168.230.76]] ([[User talk:66.168.230.76|talk]]) to last version by Bongwarrior ,"0
"
Barnard's_Star,2007-10-18T22:25:26Z,ip:207.176.159.90,ip:207.176.159.90,A.K.A. Barnard's Runaway Star ,"0
"
Barnard's_Star,2007-10-18T22:26:02Z,ip:207.176.159.90,ip:207.176.159.90,"Oops, that's better ","0
"
Barnard's_Star,2007-10-18T22:27:14Z,ip:130.218.71.176,ip:130.218.71.176,[[WP:AES|?]]Replaced page with '# REDIRECT [[WP:Barnstar]]' ,"0
"
Barnard's_Star,2007-10-18T22:27:37Z,ClueBot,4928500,"Reverting possible vandalism by [[Special:Contributions/130.218.71.176]]. If this is a mistake, [[User:ClueBot/FalsePositives|report it]]. Thanks, [[User:ClueBot|ClueBot]]. (26879) (Bot) ","0
"
Barnard's_Star,2007-10-18T23:19:52Z,ip:68.100.17.132,ip:68.100.17.132,/* System summary */ ,"0
"
Barnard's_Star,2007-10-18T23:21:16Z,Bongwarrior,1879566,Reverted 1 edit by [[Special:Contributions/68.100.17.132|68.100.17.132]] identified as [[WP:VAND|vandalism]] to last revision by [[User:ClueBot|ClueBot]]. using [[WP:TWINKLE|TW]] ,"0
"
Barnard's_Star,2007-10-18T23:21:52Z,ip:68.100.17.132,ip:68.100.17.132,/* System summary */ ,"0
"
Barnard's_Star,2007-10-18T23:23:42Z,Bongwarrior,1879566,Reverted 1 edit by [[Special:Contributions/68.100.17.132|68.100.17.132]] identified as [[WP:VAND|vandalism]] to last revision by [[User:Bongwarrior|Bongwarrior]]. using [[WP:TWINKLE|TW]] ,"0
"
Barnard's_Star,2007-10-18T23:30:01Z,AleksanderV,5611295,,"0
"
